-- ============================================================
-- Movie Club Hub – Data Migration (Part 1)
-- Run in your NEW Supabase SQL Editor
-- ============================================================

-- Ghost auth users referenced in data but missing from auth export
INSERT INTO auth.users (id, email, role, created_at, updated_at, instance_id, aud, raw_app_meta_data, raw_user_meta_data, is_super_admin, confirmation_token, email_change, email_change_token_new, recovery_token)
VALUES
  ('63f34b6d-981f-413c-b5bd-04fe65ad027c', 'ghost1@placeholder.local', 'authenticated', now(), now(), '00000000-0000-0000-0000-000000000000', 'authenticated', '{"provider":"email","providers":["email"]}', '{}', false, '', '', '', ''),
  ('3bdac330-f43e-4dea-93e7-e77568b184ef', 'ghost2@placeholder.local', 'authenticated', now(), now(), '00000000-0000-0000-0000-000000000000', 'authenticated', '{"provider":"email","providers":["email"]}', '{}', false, '', '', '', ''),
  ('e12eb445-2605-4b70-b77f-8a7c167856e2', 'ghost3@placeholder.local', 'authenticated', now(), now(), '00000000-0000-0000-0000-000000000000', 'authenticated', '{"provider":"email","providers":["email"]}', '{}', false, '', '', '', '')
ON CONFLICT (id) DO NOTHING;

-- profiles
INSERT INTO public.profiles (id, user_id, display_name, avatar_url, is_placeholder, created_at, updated_at) VALUES
  ('280bcdc9-53b0-4a2b-9bcd-16e8a40df1ee', '63f34b6d-981f-413c-b5bd-04fe65ad027c', 'Caitlin Rain', NULL, false, '2026-03-04 23:36:55.547832+00', '2026-03-04 23:36:55.547832+00'),
  ('725d56e5-142e-4e85-bc28-0e712fbaf06f', '3bdac330-f43e-4dea-93e7-e77568b184ef', 'Cait', NULL, false, '2026-03-04 23:56:04.560991+00', '2026-03-04 23:56:04.560991+00'),
  ('817cebf4-a6c9-43cf-8e6d-972084f1a3c4', 'f867e22e-137e-4754-9eb0-4b25e91ebae8', 'TJ', NULL, false, '2026-03-05 18:06:16.926975+00', '2026-03-05 18:06:58.808307+00'),
  ('0550aef9-a9ed-4edd-a5c3-8871cde60429', '8eeaae0d-ccbd-4fc5-8467-f87396b1f92c', 'Jon', 'https://reqwbpijsmqfgfrpaoii.supabase.co/storage/v1/object/public/avatars/8eeaae0d-ccbd-4fc5-8467-f87396b1f92c/avatar.jpg?t=1773001566232', false, '2026-03-04 18:11:18.80763+00', '2026-03-08 20:26:06.336278+00'),
  ('8bdbdd40-25fb-414a-9eae-55e271589145', '08b16c97-8e4b-42ed-98a6-cfe8a417c908', 'Ryan', NULL, false, '2026-03-10 14:05:10.506283+00', '2026-03-10 14:05:29.596244+00'),
  ('b60d07fd-b336-4f3b-98d1-fe2c70eeb63f', 'c8efb932-ad9e-41fb-b610-77db59797ebf', 'Gavin', NULL, false, '2026-04-01 15:11:30.349608+00', '2026-04-01 15:12:11.580842+00'),
  ('273efdd3-e098-483c-9492-630537dade6b', '42542128-e74c-462d-a196-932574e5ecb4', 'Julia', NULL, false, '2026-04-03 02:15:47.195651+00', '2026-04-03 02:15:57.444737+00'),
  ('8dffab66-13a4-45c0-80e6-14a039a1cc59', '28fb7843-c6f3-4ed4-9e58-3c4e4299542e', 'Cait', '28fb7843-c6f3-4ed4-9e58-3c4e4299542e/avatar.jpg', false, '2026-03-05 00:06:38.328045+00', '2026-04-10 01:32:09.081024+00'),
  ('4cfcfbb8-738f-4883-8548-43e4bfdf7e58', 'c530de58-6e21-4746-b567-fd8ff7ff7e4e', 'Bryce', 'c530de58-6e21-4746-b567-fd8ff7ff7e4e/avatar.jpg', false, '2026-03-05 01:13:29.186502+00', '2026-04-21 01:07:53.592563+00')
ON CONFLICT DO NOTHING;

-- groups
INSERT INTO public.groups (id, name, join_code, admin_user_id, club_type, meeting_type, meeting_location, created_at) VALUES
  ('69bf73da-283f-4a1c-9ece-35bbee6e31ca', 'The Ohio Lovers Movie Club', '4eac932a', '8eeaae0d-ccbd-4fc5-8467-f87396b1f92c', 'movie', 'remote', NULL, '2026-03-04 18:11:30.422681+00'),
  ('6a137382-d8ee-45ce-a2cb-e8a288472672', 'Test Club', 'b990819d', '8eeaae0d-ccbd-4fc5-8467-f87396b1f92c', 'movie', 'remote', NULL, '2026-03-08 19:29:43.937005+00'),
  ('02e031e8-edf4-4e84-abd7-881e5467cd3f', 'Book Demo', 'f5c63a8d', '8eeaae0d-ccbd-4fc5-8467-f87396b1f92c', 'book', 'remote', NULL, '2026-03-18 03:27:39.168063+00'),
  ('96ee7ac0-1fa2-42ec-b5f9-7d76ceb8cfbe', 'boooks', 'afc00f40', '8eeaae0d-ccbd-4fc5-8467-f87396b1f92c', 'book', 'in_person', 'bruh', '2026-03-19 01:42:10.064983+00'),
  ('2effb43a-0b44-46d0-bd7c-fd1e69f7d116', 'moms book demo', '5c39c280', '8eeaae0d-ccbd-4fc5-8467-f87396b1f92c', 'book', 'in_person', NULL, '2026-03-19 01:46:05.297446+00'),
  ('1a438d8f-f936-46fa-9464-333a9865a332', 'book', '7eca7fdd', '8eeaae0d-ccbd-4fc5-8467-f87396b1f92c', 'book', 'in_person', NULL, '2026-03-20 04:14:00.464949+00'),
  ('daa620b9-8855-46e4-96fe-99879ff39315', 'harry', '47cebd52', '8eeaae0d-ccbd-4fc5-8467-f87396b1f92c', 'book', 'remote', NULL, '2026-03-20 15:36:00.380499+00'),
  ('848b4712-665b-46cf-8ad4-d8b276b46a1d', 'death', '65df4064', '8eeaae0d-ccbd-4fc5-8467-f87396b1f92c', 'book', 'in_person', NULL, '2026-03-20 15:48:05.493145+00'),
  ('939264b3-d67c-466d-9556-c0d4e11f93c2', 'bubs', '324e92d1', '8eeaae0d-ccbd-4fc5-8467-f87396b1f92c', 'movie', 'remote', NULL, '2026-04-07 15:48:12.958308+00')
ON CONFLICT (id) DO NOTHING;

-- group_members
INSERT INTO public.group_members (id, group_id, user_id, joined_at) VALUES
  ('97a26d0d-2dc6-41c6-bd85-22d9fe7d357d', '69bf73da-283f-4a1c-9ece-35bbee6e31ca', '8eeaae0d-ccbd-4fc5-8467-f87396b1f92c', '2026-03-04 18:11:30.565083+00'),
  ('a07acc75-b8cd-431a-91e9-a30dee69d15f', '69bf73da-283f-4a1c-9ece-35bbee6e31ca', '28fb7843-c6f3-4ed4-9e58-3c4e4299542e', '2026-03-04 20:32:10.705294+00'),
  ('5e4b4726-f96c-4dc1-baab-2f0766b7fb35', '69bf73da-283f-4a1c-9ece-35bbee6e31ca', 'f867e22e-137e-4754-9eb0-4b25e91ebae8', '2026-03-04 20:32:23.093872+00'),
  ('c6eb55a4-d260-42f4-8252-12984506d974', '69bf73da-283f-4a1c-9ece-35bbee6e31ca', 'c530de58-6e21-4746-b567-fd8ff7ff7e4e', '2026-03-04 20:32:26.783703+00'),
  ('acc52d33-95d8-49fa-b150-5e87147c2b99', '69bf73da-283f-4a1c-9ece-35bbee6e31ca', '08b16c97-8e4b-42ed-98a6-cfe8a417c908', '2026-03-04 20:32:30.303799+00'),
  ('739e5360-dfe4-4136-bbeb-38e1d1dc7aaa', '69bf73da-283f-4a1c-9ece-35bbee6e31ca', 'c8efb932-ad9e-41fb-b610-77db59797ebf', '2026-03-04 20:32:16.43952+00'),
  ('9dcc1b69-b010-41b7-b6d3-195bcbb13e38', '69bf73da-283f-4a1c-9ece-35bbee6e31ca', '42542128-e74c-462d-a196-932574e5ecb4', '2026-03-04 20:32:20.090176+00'),
  ('f4b2b7b3-1d41-43a0-a862-22bbd80fd651', '848b4712-665b-46cf-8ad4-d8b276b46a1d', '8eeaae0d-ccbd-4fc5-8467-f87396b1f92c', '2026-03-20 15:48:05.6358+00')
ON CONFLICT (id) DO NOTHING;

-- seasons
INSERT INTO public.seasons (id, group_id, season_number, title, status, current_movie_index, movies_per_member, watch_interval_days, watch_start_date, next_call_date, call_link, guessing_enabled, constraints_visible, created_at, updated_at) VALUES
  ('15d5e389-4ee0-4972-9dc4-e0b42bdeae7a', '69bf73da-283f-4a1c-9ece-35bbee6e31ca', 1, 'The Pilot', 'completed', 6, 1, 7, NULL, NULL, NULL, true, true, '2026-03-04 20:45:09.220817+00', '2026-03-04 20:45:09.220817+00'),
  ('a9b57039-43a0-4e81-bbb7-3c348aa561cf', '69bf73da-283f-4a1c-9ece-35bbee6e31ca', 2, 'Holiday Movies', 'completed', 4, 1, 7, NULL, NULL, NULL, true, true, '2026-03-04 20:51:20.348305+00', '2026-03-04 20:51:20.348305+00'),
  ('4925baa2-7075-44d4-85ab-489b54bbd2d9', '6a137382-d8ee-45ce-a2cb-e8a288472672', 1, NULL, 'watching', 0, 1, 7, NULL, '2026-03-10 00:30:33.163+00', NULL, false, true, '2026-03-08 20:10:37.632583+00', '2026-03-08 20:19:33.295552+00'),
  ('243041a6-b2f4-4eaf-aa58-93ef6a88090a', '02e031e8-edf4-4e84-abd7-881e5467cd3f', 1, 'Sci-Fi', 'picking', 0, 1, 30, NULL, NULL, NULL, false, true, '2026-03-18 03:28:29.237324+00', '2026-03-18 03:28:29.237324+00'),
  ('75879568-81d5-443b-94f0-ad21477bc8e3', '2effb43a-0b44-46d0-bd7c-fd1e69f7d116', 1, 'poooo', 'picking', 0, 1, 30, NULL, NULL, NULL, false, true, '2026-03-19 01:46:51.063066+00', '2026-03-19 01:46:51.063066+00'),
  ('63b16319-723b-4be2-ac81-a5015ac3f31f', 'daa620b9-8855-46e4-96fe-99879ff39315', 1, NULL, 'picking', 0, 1, 7, NULL, NULL, NULL, false, true, '2026-03-20 15:36:00.949995+00', '2026-03-20 15:36:00.949995+00'),
  ('214ec89e-b640-4545-b0f7-4ed9158451a2', '848b4712-665b-46cf-8ad4-d8b276b46a1d', 1, NULL, 'watching', 0, 1, 7, NULL, NULL, NULL, false, true, '2026-03-20 15:48:05.84564+00', '2026-03-20 15:48:05.84564+00'),
  ('fd2d0dc5-bce4-4139-a51d-3f3390658322', '69bf73da-283f-4a1c-9ece-35bbee6e31ca', 3, 'A Movie You Haven''t Seen', 'completed', 6, 1, 7, NULL, NULL, 'https://calendar.app.google/L9yC2g6ipZH78a68A', true, true, '2026-03-04 20:58:33.623992+00', '2026-04-01 19:21:20.602415+00'),
  ('a93ef2e0-bb9e-4898-a2b6-ef32c032c402', '69bf73da-283f-4a1c-9ece-35bbee6e31ca', 4, 'The 60s-2020s in Decades', 'watching', 3, 1, 7, NULL, '2026-05-05 00:30:00+00', 'http://meet.google.com/vmk-pdhy-zws', true, false, '2026-04-02 02:34:33.454574+00', '2026-04-28 01:06:12.361891+00')
ON CONFLICT (id) DO NOTHING;

-- season_participants
INSERT INTO public.season_participants (id, season_id, user_id, pick_constraint, pick_group, created_at) VALUES
  ('e0bc2318-186d-40ee-b64a-21d6faa217a2', '4925baa2-7075-44d4-85ab-489b54bbd2d9', '8eeaae0d-ccbd-4fc5-8467-f87396b1f92c', NULL, NULL, '2026-03-08 20:10:37.833606+00'),
  ('2b90d11c-ef81-491e-af8f-c2845c802d18', '243041a6-b2f4-4eaf-aa58-93ef6a88090a', '8eeaae0d-ccbd-4fc5-8467-f87396b1f92c', NULL, NULL, '2026-03-18 03:28:29.441241+00'),
  ('92c0e8dd-988a-4ad5-8427-7f3e5cec0ca6', '75879568-81d5-443b-94f0-ad21477bc8e3', '8eeaae0d-ccbd-4fc5-8467-f87396b1f92c', NULL, NULL, '2026-03-19 01:46:51.37589+00'),
  ('01467079-ddaf-4041-9bfd-36747cd9168d', '63b16319-723b-4be2-ac81-a5015ac3f31f', '8eeaae0d-ccbd-4fc5-8467-f87396b1f92c', NULL, NULL, '2026-03-20 15:36:01.100479+00'),
  ('96299e7d-c347-4148-93af-13f648c00d4b', '214ec89e-b640-4545-b0f7-4ed9158451a2', '8eeaae0d-ccbd-4fc5-8467-f87396b1f92c', NULL, NULL, '2026-03-20 15:48:05.96696+00'),
  ('8e65de89-342a-4251-8186-041b0a9a192c', 'a93ef2e0-bb9e-4898-a2b6-ef32c032c402', '8eeaae0d-ccbd-4fc5-8467-f87396b1f92c', '1990s', NULL, '2026-04-02 02:34:33.688849+00'),
  ('58fb0e11-74df-41b8-b176-477c672be001', 'a93ef2e0-bb9e-4898-a2b6-ef32c032c402', 'e12eb445-2605-4b70-b77f-8a7c167856e2', '1960s', NULL, '2026-04-02 02:34:33.688849+00'),
  ('306048a4-34c8-41fc-97f0-1fd19edc89fa', 'a93ef2e0-bb9e-4898-a2b6-ef32c032c402', '28fb7843-c6f3-4ed4-9e58-3c4e4299542e', '2000s', NULL, '2026-04-02 02:34:33.688849+00'),
  ('136f7175-4aa4-4c5f-90ad-58be569c506f', 'a93ef2e0-bb9e-4898-a2b6-ef32c032c402', 'f867e22e-137e-4754-9eb0-4b25e91ebae8', '2010s', NULL, '2026-04-02 02:34:33.688849+00'),
  ('221929c1-1ab2-4061-9873-c07be7246693', 'a93ef2e0-bb9e-4898-a2b6-ef32c032c402', 'c530de58-6e21-4746-b567-fd8ff7ff7e4e', '1970s', NULL, '2026-04-02 02:34:33.688849+00'),
  ('aba7fce5-c552-4a52-9f15-1469c5d0c853', 'a93ef2e0-bb9e-4898-a2b6-ef32c032c402', '08b16c97-8e4b-42ed-98a6-cfe8a417c908', '2020s', NULL, '2026-04-02 02:34:33.688849+00'),
  ('96d69864-8fa7-4d9e-8ce5-df65444f301e', 'a93ef2e0-bb9e-4898-a2b6-ef32c032c402', 'c8efb932-ad9e-41fb-b610-77db59797ebf', '1980s', NULL, '2026-04-02 02:34:33.688849+00')
ON CONFLICT (id) DO NOTHING;

-- movie_picks
INSERT INTO public.movie_picks (id, season_id, user_id, tmdb_id, title, poster_url, year, overview, watch_order, revealed, created_at) VALUES
  ('9e75256f-c58e-4375-a3cc-8be1ab63d598', 'fd2d0dc5-bce4-4139-a51d-3f3390658322', 'c530de58-6e21-4746-b567-fd8ff7ff7e4e', 587792, 'Palm Springs', 'https://image.tmdb.org/t/p/w200/gnAfqiV7yO3Jq9IntTmwkcaICqc.jpg', '2020', 'When carefree Nyles and reluctant maid of honor Sarah have a chance encounter at a Palm Springs wedding, things get complicated when they find themselves unable to escape the venue, themselves, or each other.', 1, true, '2026-03-04 20:58:33.81549+00'),
  ('6cf163c6-0725-4234-9df9-421fccc5c532', '4925baa2-7075-44d4-85ab-489b54bbd2d9', '8eeaae0d-ccbd-4fc5-8467-f87396b1f92c', 1398, 'Stalker', 'https://image.tmdb.org/t/p/w200/1qhOyf5C4s9ZdvY8d5JDx9DFMeT.jpg', '1979', 'Near a gray and unnamed city is the Zone, a place guarded by barbed wire and soldiers, and where the normal laws of physics are victim to frequent anomalies. A stalker guides two men into the Zone, specifically to an area in which deep-seated desires are granted.', 0, false, '2026-03-08 20:19:29.069516+00'),
  ('93c4cd94-8f23-4bd3-b1aa-79e321dd13c7', '63b16319-723b-4be2-ac81-a5015ac3f31f', '8eeaae0d-ccbd-4fc5-8467-f87396b1f92c', NULL, 'Harry Potter and the Chamber of Secrets', 'https://books.google.com/books/content?id=5iTebBW-w7QC&printsec=frontcover&img=1&zoom=1&edge=curl&source=gbs_api', '2015', 'Harry Potter''s summer has included the worst birthday ever, doomy warnings from a house-elf called Dobby, and rescue from the Dursleys by his friend Ron Weasley in a magical flying car! Back at Hogwarts School of Witchcraft and Wizardry for his second year, Harry hears strange whispers echo through empty corridors - and then the attacks start. Students are found as', NULL, false, '2026-03-20 15:36:01.273977+00'),
  ('8ad911e9-b6db-4686-8874-9daa6f2e25e9', '15d5e389-4ee0-4972-9dc4-e0b42bdeae7a', '8eeaae0d-ccbd-4fc5-8467-f87396b1f92c', 19542, 'The Red Shoes', 'https://image.tmdb.org/t/p/w200/vPvpBWFWDvEXuQBkoYgA6A89GVp.jpg', '1948', NULL, 1, true, '2026-03-04 20:45:09.390801+00'),
  ('6328f91a-ed94-49e3-b8c0-941af7c29edf', 'a9b57039-43a0-4e81-bbb7-3c348aa561cf', '42542128-e74c-462d-a196-932574e5ecb4', 5825, 'National Lampoon''s Christmas Vacation', 'https://image.tmdb.org/t/p/w200/oat42hUw8XzKYUmfy0YLAxYd484.jpg', '1989', NULL, 2, true, '2026-03-04 20:51:20.492718+00'),
  ('48aaad3e-e80a-4b38-88bd-e6e3ef32f4b2', 'fd2d0dc5-bce4-4139-a51d-3f3390658322', '8eeaae0d-ccbd-4fc5-8467-f87396b1f92c', 284, 'The Apartment', 'https://image.tmdb.org/t/p/w200/hhSRt1KKfRT0yEhEtRW3qp31JFU.jpg', '1960', 'Bud Baxter is a minor clerk in a huge New York insurance company, until he discovers a quick way to climb the corporate ladder. He lends out his apartment to the executives as a place to take their mistresses. Although he often has to deal with the aftermath of their visits, one night he''s left with a major problem to solve.', 5, false, '2026-03-04 20:58:33.81549+00'),
  ('81f2d3b9-c9f0-41f4-b694-adf156667e41', 'a9b57039-43a0-4e81-bbb7-3c348aa561cf', 'c530de58-6e21-4746-b567-fd8ff7ff7e4e', 20334, 'The Shop Around the Corner', 'https://image.tmdb.org/t/p/w200/dZ1aEzGYRiqJwPfjS6VL7wUkHmF.jpg', '1940', NULL, 4, true, '2026-03-04 20:51:20.492718+00'),
  ('d0aaa244-780d-4010-ac1a-08d26aa98c3a', '214ec89e-b640-4545-b0f7-4ed9158451a2', '8eeaae0d-ccbd-4fc5-8467-f87396b1f92c', NULL, 'American War', 'https://books.google.com/books/content?id=OyQYDQAAQBAJ&printsec=frontcover&img=1&zoom=1&edge=curl&source=gbs_api', '2017', 'NATIONAL BESTSELLER • A second American Civil War, a devastating plague, and one family caught deep in the middle—this gripping debut novel asks what might happen if America were to turn its most devastating policies and deadly weapons upon itself. From the author of What Strange Paradise "Powerful ... as haunting a postapocalyptic universe as Cormac McCarthy [created] in The Road." —The New York Times Sarat Chestnut, born in Louisiana, is only six when the Second American Civil War breaks out i', 0, false, '2026-03-20 15:48:06.103695+00'),
  ('ed1066d4-a425-4960-929a-a02a33b45c42', 'fd2d0dc5-bce4-4139-a51d-3f3390658322', 'c8efb932-ad9e-41fb-b610-77db59797ebf', 419430, 'Get Out', 'https://image.tmdb.org/t/p/w200/tFXcEccSQMf3lfhfXKSU9iRBpa3.jpg', '2017', 'Chris and his girlfriend Rose go upstate to visit her parents for the weekend. At first, Chris reads the family''s overly accommodating behavior as nervous attempts to deal with their daughter''s interracial relationship, but as the weekend progresses, a series of increasingly disturbing discoveries lead him to a truth that he never could have imagined.', 0, true, '2026-03-04 20:58:33.81549+00'),
  ('65316aa7-b445-4884-884f-b18caa826f6b', '15d5e389-4ee0-4972-9dc4-e0b42bdeae7a', '42542128-e74c-462d-a196-932574e5ecb4', 1239655, 'Friendship', 'https://image.tmdb.org/t/p/w200/eikAu9gPJTQQmwFwa1zX5Hfz96P.jpg', '2024', NULL, 2, true, '2026-03-04 20:45:09.390801+00'),
  ('338d8cf1-414a-42d4-a54d-df59fd1fb505', 'a9b57039-43a0-4e81-bbb7-3c348aa561cf', '8eeaae0d-ccbd-4fc5-8467-f87396b1f92c', 25842, 'A Christmas Carol', 'https://image.tmdb.org/t/p/w200/cvr7x3CjBMsHv2GptR0tcFddMSa.jpg', '1938', NULL, 3, true, '2026-03-04 20:51:20.492718+00'),
  ('0a587d9f-b47f-4f1f-9b61-946d00a45c99', '15d5e389-4ee0-4972-9dc4-e0b42bdeae7a', 'c530de58-6e21-4746-b567-fd8ff7ff7e4e', 422, '8 1/2', 'https://image.tmdb.org/t/p/w200/nqOsvzEamX7AyNwSx48OOV2iidE.jpg', '1963', NULL, 6, true, '2026-03-04 20:45:09.390801+00'),
  ('41027d43-d2a8-490b-986e-cc55201f1425', 'fd2d0dc5-bce4-4139-a51d-3f3390658322', '42542128-e74c-462d-a196-932574e5ecb4', 994108, 'All of Us Strangers', 'https://image.tmdb.org/t/p/w200/aviJMFZSnnCAsCVyJGaPNx4Ef3i.jpg', '2023', 'One night in his near-empty tower block in contemporary London, Adam has a chance encounter with a mysterious neighbor Harry, which punctures the rhythm of his everyday life.', 2, true, '2026-03-04 20:58:33.81549+00'),
  ('9a78532a-4e97-4f03-b8b5-eebd8a6eae4b', 'fd2d0dc5-bce4-4139-a51d-3f3390658322', '28fb7843-c6f3-4ed4-9e58-3c4e4299542e', 440472, 'The Upside', 'https://image.tmdb.org/t/p/w500/hPZ2caow1PCND6qnerfgn6RTXdm.jpg', '2017', 'Phillip is a wealthy quadriplegic who needs a caretaker to help him with his day-to-day routine in his New York penthouse. He decides to hire Dell, a struggling parolee who''s trying to reconnect with his ex and his young son. Despite coming from two different worlds, an unlikely friendship starts to blossom.', 4, true, '2026-03-04 20:58:33.81549+00'),
  ('fae415a6-5111-41d7-b946-a1520c63f40e', 'a9b57039-43a0-4e81-bbb7-3c348aa561cf', 'f867e22e-137e-4754-9eb0-4b25e91ebae8', 927, 'Gremlins', 'https://image.tmdb.org/t/p/w200/6m0F7fsXjQvUbCZrPWcJNrjvIui.jpg', '1984', NULL, 0, true, '2026-03-04 20:51:20.492718+00'),
  ('67395741-b1d8-4c9b-958f-c552636dbadd', 'fd2d0dc5-bce4-4139-a51d-3f3390658322', 'f867e22e-137e-4754-9eb0-4b25e91ebae8', 72105, 'Ted', 'https://image.tmdb.org/t/p/w200/1QVZXQQHCEIj8lyUhdBYd2qOYtq.jpg', '2012', 'John Bennett, a man whose childhood wish of bringing his teddy bear to life came true, now must decide between keeping the relationship with the bear or his girlfriend, Lori.', 3, true, '2026-03-04 20:58:33.81549+00'),
  ('e1ff9726-0160-402a-adbf-7fba6b9d5ab9', '15d5e389-4ee0-4972-9dc4-e0b42bdeae7a', 'f867e22e-137e-4754-9eb0-4b25e91ebae8', 2469, 'Tie Me Up! Tie Me Down!', 'https://image.tmdb.org/t/p/w200/4eNyqA543ixNCME8pcADgP9wb1i.jpg', '1989', NULL, 5, true, '2026-03-04 20:45:09.390801+00'),
  ('ec5842c7-427a-42f4-959b-b1d623899e7b', 'a9b57039-43a0-4e81-bbb7-3c348aa561cf', '08b16c97-8e4b-42ed-98a6-cfe8a417c908', 10147, 'Bad Santa', 'https://image.tmdb.org/t/p/w200/rfClLIyeHqpMofmrPY8DaLe4z9x.jpg', '2003', NULL, 1, true, '2026-03-04 20:51:20.492718+00'),
  ('c2ab8f46-92ae-4d20-9a84-d1ac405602a3', '15d5e389-4ee0-4972-9dc4-e0b42bdeae7a', '28fb7843-c6f3-4ed4-9e58-3c4e4299542e', 381288, 'Split', 'https://image.tmdb.org/t/p/w200/lli31lYTFpvxVBeFHWoe5PMfW5s.jpg', '2016', NULL, 0, true, '2026-03-04 20:45:09.390801+00'),
  ('a04381f0-e526-4ee8-8e3d-2639c268e527', 'a9b57039-43a0-4e81-bbb7-3c348aa561cf', '28fb7843-c6f3-4ed4-9e58-3c4e4299542e', 25842, 'A Christmas Carol', 'https://image.tmdb.org/t/p/w200/cvr7x3CjBMsHv2GptR0tcFddMSa.jpg', '1938', NULL, 3, true, '2026-03-04 20:51:20.492718+00'),
  ('1294e0cb-8513-4a18-beed-f6f95086f547', '15d5e389-4ee0-4972-9dc4-e0b42bdeae7a', '08b16c97-8e4b-42ed-98a6-cfe8a417c908', 968, 'Dog Day Afternoon', 'https://image.tmdb.org/t/p/w200/mavrhr0ig2aCRR8d48yaxtD5aMQ.jpg', '1975', NULL, 4, true, '2026-03-04 20:45:09.390801+00'),
  ('9da23244-017b-40d9-a725-2d06d46b981d', 'fd2d0dc5-bce4-4139-a51d-3f3390658322', '08b16c97-8e4b-42ed-98a6-cfe8a417c908', 1019939, 'Hundreds of Beavers', 'https://image.tmdb.org/t/p/w200/qgXS9HrYaYDnILeXebatCbtX9IP.jpg', '2022', 'In the 19th century, a drunken applejack salesman must go from zero to hero and become North America''s greatest fur trapper by defeating hundreds of beavers.', 6, true, '2026-03-04 21:49:09.846617+00'),
  ('302ec5c9-9bd3-44b3-a602-3294984bef5c', 'a9b57039-43a0-4e81-bbb7-3c348aa561cf', 'c8efb932-ad9e-41fb-b610-77db59797ebf', 5825, 'National Lampoon''s Christmas Vacation', 'https://image.tmdb.org/t/p/w200/oat42hUw8XzKYUmfy0YLAxYd484.jpg', '1989', NULL, 2, true, '2026-03-04 20:51:20.492718+00'),
  ('63c57551-d11a-40dc-8477-0d3b62cf4c2b', '15d5e389-4ee0-4972-9dc4-e0b42bdeae7a', 'c8efb932-ad9e-41fb-b610-77db59797ebf', 496243, 'Parasite', 'https://image.tmdb.org/t/p/w200/7IiTTgloJzvGI1TAYymCfbfl3vT.jpg', '2019', NULL, 3, true, '2026-03-04 20:45:09.390801+00'),
  ('946d0fcd-e477-49ca-bbf3-3963ba374353', 'a93ef2e0-bb9e-4898-a2b6-ef32c032c402', 'f867e22e-137e-4754-9eb0-4b25e91ebae8', 51876, 'Limitless', 'https://image.tmdb.org/t/p/w200/kCokPP4WCQRrrAuZ7FcpIyHr8b2.jpg', '2011', 'The life of an unsuccessful writer is transformed by a top-secret ''smart drug'' that allows him to use 100% of his brain and become a perfect version of himself. His enhanced abilities soon attract shadowy forces that threaten his new life.', 2, false, '2026-04-05 00:50:43.807884+00'),
  ('8b6c613e-7bce-4acb-ab99-e8dd0dd77c64', 'a93ef2e0-bb9e-4898-a2b6-ef32c032c402', '28fb7843-c6f3-4ed4-9e58-3c4e4299542e', 1887, 'Marie Antoinette', 'https://image.tmdb.org/t/p/w200/cybXGmv8Rjd5Os8Xml6YxMBQ0Zt.jpg', '2006', 'A retelling of the story of France''s iconic but ill-fated queen, Marie Antoinette - from her betrothal and marriage to Louis XVI at fifteen to her reign as queen at nineteen and ultimately the fall of Versailles.', 3, false, '2026-04-04 16:00:51.953513+00'),
  ('f571af8d-f21e-4bbe-8d03-97a2c53cf14b', 'a93ef2e0-bb9e-4898-a2b6-ef32c032c402', '8eeaae0d-ccbd-4fc5-8467-f87396b1f92c', 9008, 'The Insider', 'https://image.tmdb.org/t/p/w200/jJCyIBPfvk41uETq6K6u4upyGO8.jpg', '1999', 'A research chemist comes under personal and professional attack when he decides to appear in a 60 Minutes exposé on Big Tobacco.', 0, false, '2026-04-02 03:22:58.432937+00'),
  ('2ad6fa89-27c3-45ae-b0ba-9714c2681691', 'a93ef2e0-bb9e-4898-a2b6-ef32c032c402', '42542128-e74c-462d-a196-932574e5ecb4', 671, 'Harry Potter and the Philosopher''s Stone', 'https://image.tmdb.org/t/p/w200/wuMc08IPKEatf9rnMNXvIDxqP4W.jpg', '2001', 'Harry Potter has lived under the stairs at his aunt and uncle''s house his whole life. But on his 11th birthday, he learns he''s a powerful wizard—with a place waiting for him at the Hogwarts School of Witchcraft and Wizardry. As he learns to harness his newfound powers with the help of the school''s kindly headmaster, Harry uncovers the truth about his parents'' deaths—and about the villain who''s to blame.', 1, false, '2026-04-03 02:16:52.944522+00'),
  ('2619a946-2175-48ad-a8dc-5a4dbb76e401', 'a93ef2e0-bb9e-4898-a2b6-ef32c032c402', '08b16c97-8e4b-42ed-98a6-cfe8a417c908', 1456349, 'It Was Just an Accident', 'https://image.tmdb.org/t/p/w200/eNYGj2DG3n8OrVPTfYunpPW9uas.jpg', '2025', 'An unassuming mechanic is reminded of his time in an Iranian prison when he encounters a man he suspects to be his sadistic jailhouse captor.', 4, false, '2026-04-03 18:10:48.449741+00'),
  ('3b840787-8976-4f27-bc90-bbef4718c861', 'a93ef2e0-bb9e-4898-a2b6-ef32c032c402', 'c530de58-6e21-4746-b567-fd8ff7ff7e4e', 10112, 'The Aristocats', 'https://image.tmdb.org/t/p/w200/1BVOSmQUhphMgnTxnXyfQ9tL1Sc.jpg', '1970', 'When Madame Adelaide Bonfamille leaves her fortune to Duchess and her children—Bonfamille''s beloved family of cats—the butler plots to steal the money and kidnaps the legatees, leaving them out on a country road. All seems lost until the wily Thomas O''Malley Cat and his jazz-playing alley cats come to the aristocats'' rescue.', 5, false, '2026-04-02 05:22:23.346633+00'),
  ('ad68685f-2763-445c-9ff1-1ac4cf7d272d', 'a93ef2e0-bb9e-4898-a2b6-ef32c032c402', 'c8efb932-ad9e-41fb-b610-77db59797ebf', 85, 'Raiders of the Lost Ark', 'https://image.tmdb.org/t/p/w200/ceG9VzoRAVGwivFU403Wc3AHRys.jpg', '1981', 'When Dr. Indiana Jones – the tweed-suited professor who just happens to be a celebrated archaeologist – is hired by the government to locate the legendary Ark of the Covenant, he finds himself up against the entire Nazi regime.', 6, false, '2026-04-02 03:26:34.235545+00')
ON CONFLICT (id) DO NOTHING;

-- guess_edits
INSERT INTO public.guess_edits (id, season_id, user_id, created_at) VALUES
  ('e1f5d4b1-3161-4e30-8737-3ed3259651ec', 'a93ef2e0-bb9e-4898-a2b6-ef32c032c402', 'c530de58-6e21-4746-b567-fd8ff7ff7e4e', '2026-04-10 00:14:42.494704+00')
ON CONFLICT (id) DO NOTHING;

-- meeting_settings
INSERT INTO public.meeting_settings (id, season_id, interval_value, interval_unit, same_location, created_at) VALUES
  ('d97eecea-0218-4357-9d96-872d574abed8', '214ec89e-b640-4545-b0f7-4ed9158451a2', 2, 'weeks', true, '2026-03-20 17:13:08.549002+00'),
  ('d7283c69-af46-464c-9a77-dcd72bb76bbd', 'a93ef2e0-bb9e-4898-a2b6-ef32c032c402', 1, 'weeks', true, '2026-04-06 14:12:36.260894+00')
ON CONFLICT (id) DO NOTHING;

-- club_meetings
INSERT INTO public.club_meetings (id, season_id, meeting_index, meeting_at, location_text, location_lat, location_lon, created_at) VALUES
  ('7a4d8384-a8e7-4458-a8ef-978660784105', '214ec89e-b640-4545-b0f7-4ed9158451a2', 1, '2026-04-03 00:00:00+00', 'Starbucks Reserve Roastery, 646 Michigan Ave, Chicago, IL', 41.893924, -87.62459729999999, '2026-03-20 17:13:08.860835+00'),
  ('c3329662-9d57-4f05-a4aa-7920c855e57c', '214ec89e-b640-4545-b0f7-4ed9158451a2', 2, '2026-04-11 00:00:00+00', '230, East Ontario Street, Streeterville, Near North Side, Chicago, North Chicago Township, Cook County, Illinois, 60611, United States', 41.8936256, -87.6213283, '2026-03-20 17:13:08.860835+00'),
  ('4092e4fd-dd77-4f3a-a5a2-cabeea14ec7a', '214ec89e-b640-4545-b0f7-4ed9158451a2', 3, '2026-04-25 00:00:00+00', '230, East Ontario Street, Streeterville, Near North Side, Chicago, North Chicago Township, Cook County, Illinois, 60611, United States', 41.8936256, -87.6213283, '2026-03-20 17:13:08.860835+00'),
  ('b75131ab-1230-49cb-80fc-686d5452e32f', '214ec89e-b640-4545-b0f7-4ed9158451a2', 4, '2026-05-09 00:00:00+00', '230, East Ontario Street, Streeterville, Near North Side, Chicago, North Chicago Township, Cook County, Illinois, 60611, United States', 41.8936256, -87.6213283, '2026-03-20 17:13:08.860835+00'),
  ('7597f24b-0912-444a-aca6-81a1be81b56f', '214ec89e-b640-4545-b0f7-4ed9158451a2', 5, '2026-05-23 00:00:00+00', '230, East Ontario Street, Streeterville, Near North Side, Chicago, North Chicago Township, Cook County, Illinois, 60611, United States', 41.8936256, -87.6213283, '2026-03-20 17:13:08.860835+00'),
  ('167872e9-e5c7-45ae-aa59-feba39999a00', '214ec89e-b640-4545-b0f7-4ed9158451a2', 6, '2026-06-06 00:00:00+00', '230, East Ontario Street, Streeterville, Near North Side, Chicago, North Chicago Township, Cook County, Illinois, 60611, United States', 41.8936256, -87.6213283, '2026-03-20 17:13:08.860835+00'),
  ('7bb310e7-ae92-47c9-a1fa-2318ee0c320f', 'a93ef2e0-bb9e-4898-a2b6-ef32c032c402', 1, '2026-04-14 00:30:00+00', NULL, NULL, NULL, '2026-04-06 14:12:36.569729+00'),
  ('aa1be321-e92c-418b-ab13-40ef2ee43e27', 'a93ef2e0-bb9e-4898-a2b6-ef32c032c402', 2, '2026-04-21 00:30:00+00', NULL, NULL, NULL, '2026-04-06 14:12:36.569729+00'),
  ('b8afc794-dabf-41f8-ab60-8c4dcea984cf', 'a93ef2e0-bb9e-4898-a2b6-ef32c032c402', 3, '2026-04-28 00:30:00+00', NULL, NULL, NULL, '2026-04-06 14:12:36.569729+00'),
  ('93150710-c05a-496a-b412-7cf120a9ef91', 'a93ef2e0-bb9e-4898-a2b6-ef32c032c402', 4, '2026-05-05 00:30:00+00', NULL, NULL, NULL, '2026-04-06 14:12:36.569729+00'),
  ('e6395993-571b-473b-9504-bc96ee6a736d', 'a93ef2e0-bb9e-4898-a2b6-ef32c032c402', 5, '2026-05-12 00:30:00+00', NULL, NULL, NULL, '2026-04-06 14:12:36.569729+00'),
  ('26b756b3-21a1-498b-927a-49d63178c228', 'a93ef2e0-bb9e-4898-a2b6-ef32c032c402', 6, '2026-05-19 00:30:00+00', NULL, NULL, NULL, '2026-04-06 14:12:36.569729+00')
ON CONFLICT (id) DO NOTHING;

-- reading_assignments
INSERT INTO public.reading_assignments (id, season_id, order_index, title, start_page, end_page, chapter_range, due_date, notes, created_at) VALUES
  ('efcdae2c-f44a-4f40-ac55-28df5b967488', '214ec89e-b640-4545-b0f7-4ed9158451a2', 0, 'Week 1', 1, 57, '1–4', '2026-03-27', NULL, '2026-03-20 16:05:41.04273+00')
ON CONFLICT (id) DO NOTHING;

-- movie_rankings
INSERT INTO public.movie_rankings (id, season_id, user_id, movie_pick_id, rank, created_at) VALUES
  ('e414754f-c245-45cf-b77e-95ebc0f8c1ec','a9b57039-43a0-4e81-bbb7-3c348aa561cf','8eeaae0d-ccbd-4fc5-8467-f87396b1f92c','302ec5c9-9bd3-44b3-a602-3294984bef5c',1,'2026-03-09 04:01:53.627441+00'),
  ('40a32094-15ce-4920-928e-cdc338530a04','a9b57039-43a0-4e81-bbb7-3c348aa561cf','8eeaae0d-ccbd-4fc5-8467-f87396b1f92c','338d8cf1-414a-42d4-a54d-df59fd1fb505',2,'2026-03-09 04:01:53.627441+00'),
  ('1386de92-de56-4e0a-bec3-685c66136552','a9b57039-43a0-4e81-bbb7-3c348aa561cf','8eeaae0d-ccbd-4fc5-8467-f87396b1f92c','81f2d3b9-c9f0-41f4-b694-adf156667e41',3,'2026-03-09 04:01:53.627441+00'),
  ('68d6ffa4-3458-4331-aa49-1229ac9f2b58','a9b57039-43a0-4e81-bbb7-3c348aa561cf','8eeaae0d-ccbd-4fc5-8467-f87396b1f92c','fae415a6-5111-41d7-b946-a1520c63f40e',4,'2026-03-09 04:01:53.627441+00'),
  ('66dc3c0b-95c3-4ff8-86d5-72123f7b82ee','a9b57039-43a0-4e81-bbb7-3c348aa561cf','8eeaae0d-ccbd-4fc5-8467-f87396b1f92c','ec5842c7-427a-42f4-959b-b1d623899e7b',5,'2026-03-09 04:01:53.627441+00'),
  ('dd9133b3-e363-4a28-bf39-e95c3a4d7c24','15d5e389-4ee0-4972-9dc4-e0b42bdeae7a','8eeaae0d-ccbd-4fc5-8467-f87396b1f92c','63c57551-d11a-40dc-8477-0d3b62cf4c2b',1,'2026-03-09 04:02:45.411435+00'),
  ('d6f7cd98-d152-4bd1-bceb-418980e7ccf7','15d5e389-4ee0-4972-9dc4-e0b42bdeae7a','8eeaae0d-ccbd-4fc5-8467-f87396b1f92c','65316aa7-b445-4884-884f-b18caa826f6b',2,'2026-03-09 04:02:45.411435+00'),
  ('257290ae-bbfe-4112-ae16-20494c42ea89','15d5e389-4ee0-4972-9dc4-e0b42bdeae7a','8eeaae0d-ccbd-4fc5-8467-f87396b1f92c','1294e0cb-8513-4a18-beed-f6f95086f547',3,'2026-03-09 04:02:45.411435+00'),
  ('c3e72a5d-026e-46f7-8ba9-f1a4cfd5d286','15d5e389-4ee0-4972-9dc4-e0b42bdeae7a','8eeaae0d-ccbd-4fc5-8467-f87396b1f92c','8ad911e9-b6db-4686-8874-9daa6f2e25e9',4,'2026-03-09 04:02:45.411435+00'),
  ('ee167e64-546d-4121-a4c9-47c4186b70a2','15d5e389-4ee0-4972-9dc4-e0b42bdeae7a','8eeaae0d-ccbd-4fc5-8467-f87396b1f92c','c2ab8f46-92ae-4d20-9a84-d1ac405602a3',5,'2026-03-09 04:02:45.411435+00'),
  ('216cbc71-ad9b-493b-af22-78fd8e83f6a9','15d5e389-4ee0-4972-9dc4-e0b42bdeae7a','8eeaae0d-ccbd-4fc5-8467-f87396b1f92c','0a587d9f-b47f-4f1f-9b61-946d00a45c99',6,'2026-03-09 04:02:45.411435+00'),
  ('8b5ea13c-11bf-44dd-b74e-ecebb78659a1','15d5e389-4ee0-4972-9dc4-e0b42bdeae7a','8eeaae0d-ccbd-4fc5-8467-f87396b1f92c','e1ff9726-0160-402a-adbf-7fba6b9d5ab9',7,'2026-03-09 04:02:45.411435+00'),
  ('093d5110-a493-47dd-bfd1-dfe11aa7b675','15d5e389-4ee0-4972-9dc4-e0b42bdeae7a','28fb7843-c6f3-4ed4-9e58-3c4e4299542e','8ad911e9-b6db-4686-8874-9daa6f2e25e9',1,'2026-03-09 22:26:29.873515+00'),
  ('92a3098a-9c90-41cc-a2f8-8873364fd81c','15d5e389-4ee0-4972-9dc4-e0b42bdeae7a','28fb7843-c6f3-4ed4-9e58-3c4e4299542e','c2ab8f46-92ae-4d20-9a84-d1ac405602a3',2,'2026-03-09 22:26:29.873515+00'),
  ('842acb2f-8990-4a7b-949c-279abceda01c','15d5e389-4ee0-4972-9dc4-e0b42bdeae7a','28fb7843-c6f3-4ed4-9e58-3c4e4299542e','65316aa7-b445-4884-884f-b18caa826f6b',3,'2026-03-09 22:26:29.873515+00'),
  ('21ee8b3c-9c03-43cf-9947-1c79f4ab06e2','15d5e389-4ee0-4972-9dc4-e0b42bdeae7a','28fb7843-c6f3-4ed4-9e58-3c4e4299542e','63c57551-d11a-40dc-8477-0d3b62cf4c2b',4,'2026-03-09 22:26:29.873515+00'),
  ('05176183-18be-4308-8117-64af2c1d20da','15d5e389-4ee0-4972-9dc4-e0b42bdeae7a','28fb7843-c6f3-4ed4-9e58-3c4e4299542e','e1ff9726-0160-402a-adbf-7fba6b9d5ab9',5,'2026-03-09 22:26:29.873515+00'),
  ('a1648eec-11af-44b7-971b-bb5b9f53d590','15d5e389-4ee0-4972-9dc4-e0b42bdeae7a','28fb7843-c6f3-4ed4-9e58-3c4e4299542e','1294e0cb-8513-4a18-beed-f6f95086f547',6,'2026-03-09 22:26:29.873515+00'),
  ('5393b80e-823c-4aee-b1c5-df2745f055fc','15d5e389-4ee0-4972-9dc4-e0b42bdeae7a','28fb7843-c6f3-4ed4-9e58-3c4e4299542e','0a587d9f-b47f-4f1f-9b61-946d00a45c99',7,'2026-03-09 22:26:29.873515+00'),
  ('2d2c33fe-17ee-4cc2-b281-ca732f5061fc','a9b57039-43a0-4e81-bbb7-3c348aa561cf','28fb7843-c6f3-4ed4-9e58-3c4e4299542e','302ec5c9-9bd3-44b3-a602-3294984bef5c',1,'2026-03-09 22:27:06.840872+00'),
  ('047f894b-32ad-4d4a-ad43-312e4d8847c1','a9b57039-43a0-4e81-bbb7-3c348aa561cf','28fb7843-c6f3-4ed4-9e58-3c4e4299542e','338d8cf1-414a-42d4-a54d-df59fd1fb505',2,'2026-03-09 22:27:06.840872+00'),
  ('eaba9ac5-7d58-4a8e-a27e-8439904b57fc','a9b57039-43a0-4e81-bbb7-3c348aa561cf','28fb7843-c6f3-4ed4-9e58-3c4e4299542e','81f2d3b9-c9f0-41f4-b694-adf156667e41',3,'2026-03-09 22:27:06.840872+00'),
  ('9e6aa68f-9525-4cb7-9fa8-800e230249d0','a9b57039-43a0-4e81-bbb7-3c348aa561cf','28fb7843-c6f3-4ed4-9e58-3c4e4299542e','fae415a6-5111-41d7-b946-a1520c63f40e',4,'2026-03-09 22:27:06.840872+00'),
  ('b69ee833-83a9-4cfe-bade-4bf4f5acddd7','a9b57039-43a0-4e81-bbb7-3c348aa561cf','28fb7843-c6f3-4ed4-9e58-3c4e4299542e','ec5842c7-427a-42f4-959b-b1d623899e7b',5,'2026-03-09 22:27:06.840872+00'),
  ('5c4ee624-349f-414c-87fd-b1c6146cfb3e','15d5e389-4ee0-4972-9dc4-e0b42bdeae7a','c530de58-6e21-4746-b567-fd8ff7ff7e4e','63c57551-d11a-40dc-8477-0d3b62cf4c2b',1,'2026-03-10 16:30:49.326171+00'),
  ('c0602196-32a9-43bc-96f3-a823bebb67c6','15d5e389-4ee0-4972-9dc4-e0b42bdeae7a','c530de58-6e21-4746-b567-fd8ff7ff7e4e','c2ab8f46-92ae-4d20-9a84-d1ac405602a3',2,'2026-03-10 16:30:49.326171+00'),
  ('7772d1fd-c3fd-4d3d-9677-5bf30facdc1a','15d5e389-4ee0-4972-9dc4-e0b42bdeae7a','c530de58-6e21-4746-b567-fd8ff7ff7e4e','8ad911e9-b6db-4686-8874-9daa6f2e25e9',3,'2026-03-10 16:30:49.326171+00'),
  ('6d422511-95c3-41df-bd07-8e40d106dcee','15d5e389-4ee0-4972-9dc4-e0b42bdeae7a','c530de58-6e21-4746-b567-fd8ff7ff7e4e','1294e0cb-8513-4a18-beed-f6f95086f547',4,'2026-03-10 16:30:49.326171+00'),
  ('df308828-aeea-4bd9-9ac5-99e8896c12bb','15d5e389-4ee0-4972-9dc4-e0b42bdeae7a','c530de58-6e21-4746-b567-fd8ff7ff7e4e','65316aa7-b445-4884-884f-b18caa826f6b',5,'2026-03-10 16:30:49.326171+00'),
  ('38e8cc91-557c-4c23-bbb7-22c4b33e56e7','15d5e389-4ee0-4972-9dc4-e0b42bdeae7a','c530de58-6e21-4746-b567-fd8ff7ff7e4e','e1ff9726-0160-402a-adbf-7fba6b9d5ab9',6,'2026-03-10 16:30:49.326171+00'),
  ('98a82ad6-d544-4256-96d3-17339990d0d6','15d5e389-4ee0-4972-9dc4-e0b42bdeae7a','c530de58-6e21-4746-b567-fd8ff7ff7e4e','0a587d9f-b47f-4f1f-9b61-946d00a45c99',7,'2026-03-10 16:30:49.326171+00'),
  ('abaad87e-b5f6-455a-94ee-5ab5b3ca0f59','a9b57039-43a0-4e81-bbb7-3c348aa561cf','c530de58-6e21-4746-b567-fd8ff7ff7e4e','302ec5c9-9bd3-44b3-a602-3294984bef5c',1,'2026-03-10 16:31:17.302198+00'),
  ('15bc40d6-63e9-4657-a9bb-d560f3b4e2e9','a9b57039-43a0-4e81-bbb7-3c348aa561cf','c530de58-6e21-4746-b567-fd8ff7ff7e4e','fae415a6-5111-41d7-b946-a1520c63f40e',2,'2026-03-10 16:31:17.302198+00'),
  ('71fb0662-d18f-436b-b946-9b4601d18faa','a9b57039-43a0-4e81-bbb7-3c348aa561cf','c530de58-6e21-4746-b567-fd8ff7ff7e4e','338d8cf1-414a-42d4-a54d-df59fd1fb505',3,'2026-03-10 16:31:17.302198+00'),
  ('12f252df-b605-41c0-94ed-5052afb79311','a9b57039-43a0-4e81-bbb7-3c348aa561cf','c530de58-6e21-4746-b567-fd8ff7ff7e4e','81f2d3b9-c9f0-41f4-b694-adf156667e41',4,'2026-03-10 16:31:17.302198+00'),
  ('a97363af-d8db-4dea-b7fe-d7b884356cce','a9b57039-43a0-4e81-bbb7-3c348aa561cf','c530de58-6e21-4746-b567-fd8ff7ff7e4e','ec5842c7-427a-42f4-959b-b1d623899e7b',5,'2026-03-10 16:31:17.302198+00'),
  ('6fb71774-0cd1-499c-b6f9-49a7d09fbe92','fd2d0dc5-bce4-4139-a51d-3f3390658322','8eeaae0d-ccbd-4fc5-8467-f87396b1f92c','48aaad3e-e80a-4b38-88bd-e6e3ef32f4b2',1,'2026-04-01 01:03:49.711555+00'),
  ('4e919c29-a427-45f5-87ad-c3f621487120','fd2d0dc5-bce4-4139-a51d-3f3390658322','8eeaae0d-ccbd-4fc5-8467-f87396b1f92c','41027d43-d2a8-490b-986e-cc55201f1425',2,'2026-04-01 01:03:49.711555+00'),
  ('81dc49e4-5666-4308-89be-e57d3889e53d','fd2d0dc5-bce4-4139-a51d-3f3390658322','8eeaae0d-ccbd-4fc5-8467-f87396b1f92c','9da23244-017b-40d9-a725-2d06d46b981d',3,'2026-04-01 01:03:49.711555+00'),
  ('5bcc20bc-f7e6-4cf4-bf27-e97d9c57fe38','fd2d0dc5-bce4-4139-a51d-3f3390658322','8eeaae0d-ccbd-4fc5-8467-f87396b1f92c','ed1066d4-a425-4960-929a-a02a33b45c42',4,'2026-04-01 01:03:49.711555+00'),
  ('95a8f0b2-b086-49c4-af34-05f2342a4612','fd2d0dc5-bce4-4139-a51d-3f3390658322','8eeaae0d-ccbd-4fc5-8467-f87396b1f92c','9e75256f-c58e-4375-a3cc-8be1ab63d598',5,'2026-04-01 01:03:49.711555+00'),
  ('567e93fb-ca04-48a9-907f-42be84fe0a78','fd2d0dc5-bce4-4139-a51d-3f3390658322','8eeaae0d-ccbd-4fc5-8467-f87396b1f92c','9a78532a-4e97-4f03-b8b5-eebd8a6eae4b',6,'2026-04-01 01:03:49.711555+00'),
  ('aa5c5136-9eb5-46f8-acf2-0dee6bb37a4e','fd2d0dc5-bce4-4139-a51d-3f3390658322','8eeaae0d-ccbd-4fc5-8467-f87396b1f92c','67395741-b1d8-4c9b-958f-c552636dbadd',7,'2026-04-01 01:03:49.711555+00'),
  ('028d156c-7c5e-4c94-af03-2cebfc6d5d7a','fd2d0dc5-bce4-4139-a51d-3f3390658322','08b16c97-8e4b-42ed-98a6-cfe8a417c908','9e75256f-c58e-4375-a3cc-8be1ab63d598',1,'2026-04-01 13:44:33.592051+00'),
  ('031121cf-06c7-42bd-a5f3-85e1ef760914','fd2d0dc5-bce4-4139-a51d-3f3390658322','08b16c97-8e4b-42ed-98a6-cfe8a417c908','ed1066d4-a425-4960-929a-a02a33b45c42',2,'2026-04-01 13:44:33.592051+00'),
  ('fe70cd0e-cb3d-45db-9089-24bc788398a7','fd2d0dc5-bce4-4139-a51d-3f3390658322','08b16c97-8e4b-42ed-98a6-cfe8a417c908','41027d43-d2a8-490b-986e-cc55201f1425',3,'2026-04-01 13:44:33.592051+00'),
  ('e7131020-ab36-4c37-ba9d-136d01112f36','fd2d0dc5-bce4-4139-a51d-3f3390658322','08b16c97-8e4b-42ed-98a6-cfe8a417c908','9da23244-017b-40d9-a725-2d06d46b981d',4,'2026-04-01 13:44:33.592051+00'),
  ('e95f88ad-373e-4d8d-ad29-d55e724befab','fd2d0dc5-bce4-4139-a51d-3f3390658322','08b16c97-8e4b-42ed-98a6-cfe8a417c908','67395741-b1d8-4c9b-958f-c552636dbadd',5,'2026-04-01 13:44:33.592051+00'),
  ('8097cbbf-423f-4f34-b4ec-68eab5f93abe','fd2d0dc5-bce4-4139-a51d-3f3390658322','08b16c97-8e4b-42ed-98a6-cfe8a417c908','48aaad3e-e80a-4b38-88bd-e6e3ef32f4b2',6,'2026-04-01 13:44:33.592051+00'),
  ('86b9d419-4e21-48f9-9e6d-f17835736894','fd2d0dc5-bce4-4139-a51d-3f3390658322','08b16c97-8e4b-42ed-98a6-cfe8a417c908','9a78532a-4e97-4f03-b8b5-eebd8a6eae4b',7,'2026-04-01 13:44:33.592051+00'),
  ('163e26ad-fffc-4dfa-a398-886225599c44','fd2d0dc5-bce4-4139-a51d-3f3390658322','c530de58-6e21-4746-b567-fd8ff7ff7e4e','9e75256f-c58e-4375-a3cc-8be1ab63d598',1,'2026-04-01 15:02:06.043003+00'),
  ('5924bd20-d0a2-442d-a4e2-f665b59430e3','fd2d0dc5-bce4-4139-a51d-3f3390658322','c530de58-6e21-4746-b567-fd8ff7ff7e4e','48aaad3e-e80a-4b38-88bd-e6e3ef32f4b2',2,'2026-04-01 15:02:06.043003+00'),
  ('34e0052a-adaf-4e58-b038-6e28a52958c7','fd2d0dc5-bce4-4139-a51d-3f3390658322','c530de58-6e21-4746-b567-fd8ff7ff7e4e','ed1066d4-a425-4960-929a-a02a33b45c42',3,'2026-04-01 15:02:06.043003+00'),
  ('63c60d02-9702-41ac-aa41-aa7be9fa85ea','fd2d0dc5-bce4-4139-a51d-3f3390658322','c530de58-6e21-4746-b567-fd8ff7ff7e4e','9da23244-017b-40d9-a725-2d06d46b981d',4,'2026-04-01 15:02:06.043003+00'),
  ('13330e19-0c82-4cf5-ada7-962e4d3e588c','fd2d0dc5-bce4-4139-a51d-3f3390658322','c530de58-6e21-4746-b567-fd8ff7ff7e4e','9a78532a-4e97-4f03-b8b5-eebd8a6eae4b',5,'2026-04-01 15:02:06.043003+00'),
  ('36f10371-9991-4b60-825e-3c103f392a35','fd2d0dc5-bce4-4139-a51d-3f3390658322','c530de58-6e21-4746-b567-fd8ff7ff7e4e','41027d43-d2a8-490b-986e-cc55201f1425',6,'2026-04-01 15:02:06.043003+00'),
  ('e319cd63-b2c4-4f6d-a62b-2fc8a946816f','fd2d0dc5-bce4-4139-a51d-3f3390658322','c530de58-6e21-4746-b567-fd8ff7ff7e4e','67395741-b1d8-4c9b-958f-c552636dbadd',7,'2026-04-01 15:02:06.043003+00'),
  ('c2196e95-2ecc-4d18-9c31-1e7e279d85c1','fd2d0dc5-bce4-4139-a51d-3f3390658322','f867e22e-137e-4754-9eb0-4b25e91ebae8','ed1066d4-a425-4960-929a-a02a33b45c42',1,'2026-04-01 15:11:06.008103+00'),
  ('a261386b-6ded-4356-a9e3-9b604cef65f6','fd2d0dc5-bce4-4139-a51d-3f3390658322','f867e22e-137e-4754-9eb0-4b25e91ebae8','9da23244-017b-40d9-a725-2d06d46b981d',2,'2026-04-01 15:11:06.008103+00'),
  ('c96e40c2-c153-49db-8efa-370c6c11ad7b','fd2d0dc5-bce4-4139-a51d-3f3390658322','f867e22e-137e-4754-9eb0-4b25e91ebae8','9e75256f-c58e-4375-a3cc-8be1ab63d598',3,'2026-04-01 15:11:06.008103+00'),
  ('3993df2b-5157-4dcb-8f93-4026744209d1','fd2d0dc5-bce4-4139-a51d-3f3390658322','f867e22e-137e-4754-9eb0-4b25e91ebae8','48aaad3e-e80a-4b38-88bd-e6e3ef32f4b2',4,'2026-04-01 15:11:06.008103+00'),
  ('eb52b0ee-48f2-4553-af59-d7b2d4eee856','fd2d0dc5-bce4-4139-a51d-3f3390658322','f867e22e-137e-4754-9eb0-4b25e91ebae8','41027d43-d2a8-490b-986e-cc55201f1425',5,'2026-04-01 15:11:06.008103+00'),
  ('92f643e1-337d-40a0-bc2d-f65a683365ce','fd2d0dc5-bce4-4139-a51d-3f3390658322','f867e22e-137e-4754-9eb0-4b25e91ebae8','9a78532a-4e97-4f03-b8b5-eebd8a6eae4b',6,'2026-04-01 15:11:06.008103+00'),
  ('32155431-2d5d-417e-bb96-68601179d652','fd2d0dc5-bce4-4139-a51d-3f3390658322','f867e22e-137e-4754-9eb0-4b25e91ebae8','67395741-b1d8-4c9b-958f-c552636dbadd',7,'2026-04-01 15:11:06.008103+00'),
  ('95ad5720-ceb9-4eee-8353-ab4f7a920a84','fd2d0dc5-bce4-4139-a51d-3f3390658322','c8efb932-ad9e-41fb-b610-77db59797ebf','ed1066d4-a425-4960-929a-a02a33b45c42',1,'2026-04-01 15:13:50.25903+00'),
  ('6346cc47-673d-44a7-b21a-1573cf6cc644','fd2d0dc5-bce4-4139-a51d-3f3390658322','c8efb932-ad9e-41fb-b610-77db59797ebf','9e75256f-c58e-4375-a3cc-8be1ab63d598',2,'2026-04-01 15:13:50.25903+00'),
  ('98df4127-cd9b-4708-8306-11d202ee6340','fd2d0dc5-bce4-4139-a51d-3f3390658322','c8efb932-ad9e-41fb-b610-77db59797ebf','9da23244-017b-40d9-a725-2d06d46b981d',3,'2026-04-01 15:13:50.25903+00'),
  ('7f73c62c-a9d3-4bf2-8603-c39ae8156b44','fd2d0dc5-bce4-4139-a51d-3f3390658322','c8efb932-ad9e-41fb-b610-77db59797ebf','41027d43-d2a8-490b-986e-cc55201f1425',4,'2026-04-01 15:13:50.25903+00'),
  ('7cd4e7a2-4868-4854-a559-f444f1b868ab','fd2d0dc5-bce4-4139-a51d-3f3390658322','c8efb932-ad9e-41fb-b610-77db59797ebf','9a78532a-4e97-4f03-b8b5-eebd8a6eae4b',5,'2026-04-01 15:13:50.25903+00'),
  ('5da6ac65-bc41-4dee-aabd-27435e7cd9fb','fd2d0dc5-bce4-4139-a51d-3f3390658322','c8efb932-ad9e-41fb-b610-77db59797ebf','48aaad3e-e80a-4b38-88bd-e6e3ef32f4b2',6,'2026-04-01 15:13:50.25903+00'),
  ('95b00a96-ac10-434d-afb5-9dfb0bb2fa51','fd2d0dc5-bce4-4139-a51d-3f3390658322','c8efb932-ad9e-41fb-b610-77db59797ebf','67395741-b1d8-4c9b-958f-c552636dbadd',7,'2026-04-01 15:13:50.25903+00'),
  ('65e67047-06a9-428f-9dbd-908b0f4a7e29','fd2d0dc5-bce4-4139-a51d-3f3390658322','28fb7843-c6f3-4ed4-9e58-3c4e4299542e','48aaad3e-e80a-4b38-88bd-e6e3ef32f4b2',1,'2026-04-03 00:28:40.528839+00'),
  ('8591b47d-cf29-40d5-8034-126e64cd455e','fd2d0dc5-bce4-4139-a51d-3f3390658322','28fb7843-c6f3-4ed4-9e58-3c4e4299542e','9e75256f-c58e-4375-a3cc-8be1ab63d598',2,'2026-04-03 00:28:40.528839+00'),
  ('e22b3ede-2b20-4505-b203-7da1a89cc2e5','fd2d0dc5-bce4-4139-a51d-3f3390658322','28fb7843-c6f3-4ed4-9e58-3c4e4299542e','9a78532a-4e97-4f03-b8b5-eebd8a6eae4b',3,'2026-04-03 00:28:40.528839+00'),
  ('2d70164e-6a14-4a47-8f20-18454d45e47d','fd2d0dc5-bce4-4139-a51d-3f3390658322','28fb7843-c6f3-4ed4-9e58-3c4e4299542e','41027d43-d2a8-490b-986e-cc55201f1425',4,'2026-04-03 00:28:40.528839+00'),
  ('714c0b76-b7c1-45d7-b10b-cd3b519b3dc2','fd2d0dc5-bce4-4139-a51d-3f3390658322','28fb7843-c6f3-4ed4-9e58-3c4e4299542e','67395741-b1d8-4c9b-958f-c552636dbadd',5,'2026-04-03 00:28:40.528839+00'),
  ('af19ef11-2473-4446-9345-3f74ebd00a33','fd2d0dc5-bce4-4139-a51d-3f3390658322','28fb7843-c6f3-4ed4-9e58-3c4e4299542e','ed1066d4-a425-4960-929a-a02a33b45c42',6,'2026-04-03 00:28:40.528839+00'),
  ('4e0c763c-ad5d-4629-90b8-2ce8c499bd99','fd2d0dc5-bce4-4139-a51d-3f3390658322','28fb7843-c6f3-4ed4-9e58-3c4e4299542e','9da23244-017b-40d9-a725-2d06d46b981d',7,'2026-04-03 00:28:40.528839+00'),
  ('917b2f7a-2a64-462a-8398-2c5d55ef8d37','a9b57039-43a0-4e81-bbb7-3c348aa561cf','08b16c97-8e4b-42ed-98a6-cfe8a417c908','6328f91a-ed94-49e3-b8c0-941af7c29edf',1,'2026-04-05 12:59:12.303216+00'),
  ('302ca0ce-f5d8-4f62-9f5b-0d7760e33b06','a9b57039-43a0-4e81-bbb7-3c348aa561cf','08b16c97-8e4b-42ed-98a6-cfe8a417c908','fae415a6-5111-41d7-b946-a1520c63f40e',2,'2026-04-05 12:59:12.303216+00'),
  ('e942958f-f8e3-450e-9569-f2c98257c987','a9b57039-43a0-4e81-bbb7-3c348aa561cf','08b16c97-8e4b-42ed-98a6-cfe8a417c908','338d8cf1-414a-42d4-a54d-df59fd1fb505',3,'2026-04-05 12:59:12.303216+00'),
  ('f344ce65-55e2-40f7-8e03-0a718f2cccc5','a9b57039-43a0-4e81-bbb7-3c348aa561cf','08b16c97-8e4b-42ed-98a6-cfe8a417c908','ec5842c7-427a-42f4-959b-b1d623899e7b',4,'2026-04-05 12:59:12.303216+00'),
  ('dce8db15-a77d-49df-8485-003425b19959','a9b57039-43a0-4e81-bbb7-3c348aa561cf','08b16c97-8e4b-42ed-98a6-cfe8a417c908','81f2d3b9-c9f0-41f4-b694-adf156667e41',5,'2026-04-05 12:59:12.303216+00'),
  ('c12dfc05-9f2e-47e6-92a5-51cdd1dc5bf0','15d5e389-4ee0-4972-9dc4-e0b42bdeae7a','08b16c97-8e4b-42ed-98a6-cfe8a417c908','63c57551-d11a-40dc-8477-0d3b62cf4c2b',1,'2026-04-05 12:59:35.54152+00'),
  ('8d676cd0-9c20-4385-998d-1e421dd74080','15d5e389-4ee0-4972-9dc4-e0b42bdeae7a','08b16c97-8e4b-42ed-98a6-cfe8a417c908','1294e0cb-8513-4a18-beed-f6f95086f547',2,'2026-04-05 12:59:35.54152+00'),
  ('acd1f256-8fda-4b7c-819e-0fee82f9442b','15d5e389-4ee0-4972-9dc4-e0b42bdeae7a','08b16c97-8e4b-42ed-98a6-cfe8a417c908','c2ab8f46-92ae-4d20-9a84-d1ac405602a3',3,'2026-04-05 12:59:35.54152+00'),
  ('a64f60ac-91fa-4040-b78b-d117f1295e74','15d5e389-4ee0-4972-9dc4-e0b42bdeae7a','08b16c97-8e4b-42ed-98a6-cfe8a417c908','65316aa7-b445-4884-884f-b18caa826f6b',4,'2026-04-05 12:59:35.54152+00'),
  ('ede66523-7613-4524-9a37-2522fd84e49e','15d5e389-4ee0-4972-9dc4-e0b42bdeae7a','08b16c97-8e4b-42ed-98a6-cfe8a417c908','8ad911e9-b6db-4686-8874-9daa6f2e25e9',5,'2026-04-05 12:59:35.54152+00'),
  ('5c5f8ee0-a571-40ed-b9f8-8af783da11b3','15d5e389-4ee0-4972-9dc4-e0b42bdeae7a','08b16c97-8e4b-42ed-98a6-cfe8a417c908','e1ff9726-0160-402a-adbf-7fba6b9d5ab9',6,'2026-04-05 12:59:35.54152+00'),
  ('72faa65b-915e-435c-8bf3-01ca173925f5','15d5e389-4ee0-4972-9dc4-e0b42bdeae7a','08b16c97-8e4b-42ed-98a6-cfe8a417c908','0a587d9f-b47f-4f1f-9b61-946d00a45c99',7,'2026-04-05 12:59:35.54152+00'),
  ('fb6d952d-e917-4987-bbe0-c4d272bacd46','a9b57039-43a0-4e81-bbb7-3c348aa561cf','f867e22e-137e-4754-9eb0-4b25e91ebae8','fae415a6-5111-41d7-b946-a1520c63f40e',1,'2026-04-06 16:13:17.593435+00'),
  ('dafc3930-0210-4884-92f1-5480b9e2eca3','a9b57039-43a0-4e81-bbb7-3c348aa561cf','f867e22e-137e-4754-9eb0-4b25e91ebae8','ec5842c7-427a-42f4-959b-b1d623899e7b',2,'2026-04-06 16:13:17.593435+00'),
  ('011497e4-d471-4578-8fec-29ed5d449c2b','a9b57039-43a0-4e81-bbb7-3c348aa561cf','f867e22e-137e-4754-9eb0-4b25e91ebae8','6328f91a-ed94-49e3-b8c0-941af7c29edf',3,'2026-04-06 16:13:17.593435+00'),
  ('97f8ef7d-3bba-4335-9d41-0684e4df1511','a9b57039-43a0-4e81-bbb7-3c348aa561cf','f867e22e-137e-4754-9eb0-4b25e91ebae8','81f2d3b9-c9f0-41f4-b694-adf156667e41',4,'2026-04-06 16:13:17.593435+00'),
  ('3cdff144-b200-4fdd-ad67-d2fe42c1e49c','a9b57039-43a0-4e81-bbb7-3c348aa561cf','f867e22e-137e-4754-9eb0-4b25e91ebae8','338d8cf1-414a-42d4-a54d-df59fd1fb505',5,'2026-04-06 16:13:17.593435+00'),
  ('0d22fab5-275d-4138-af54-b6a8e5fa8250','15d5e389-4ee0-4972-9dc4-e0b42bdeae7a','f867e22e-137e-4754-9eb0-4b25e91ebae8','8ad911e9-b6db-4686-8874-9daa6f2e25e9',1,'2026-04-14 00:33:25.277097+00'),
  ('615976dc-c1a6-4801-a6a9-ce59b5daec42','15d5e389-4ee0-4972-9dc4-e0b42bdeae7a','f867e22e-137e-4754-9eb0-4b25e91ebae8','c2ab8f46-92ae-4d20-9a84-d1ac405602a3',2,'2026-04-14 00:33:25.277097+00'),
  ('528e77ce-8c04-41c9-b0cc-4f3921a507d0','15d5e389-4ee0-4972-9dc4-e0b42bdeae7a','f867e22e-137e-4754-9eb0-4b25e91ebae8','e1ff9726-0160-402a-adbf-7fba6b9d5ab9',3,'2026-04-14 00:33:25.277097+00'),
  ('dd1ecf73-cfdf-4a25-8651-e3618e116b6d','15d5e389-4ee0-4972-9dc4-e0b42bdeae7a','f867e22e-137e-4754-9eb0-4b25e91ebae8','1294e0cb-8513-4a18-beed-f6f95086f547',4,'2026-04-14 00:33:25.277097+00'),
  ('fbf96e2d-fede-40be-bd9f-c2c3840d5412','15d5e389-4ee0-4972-9dc4-e0b42bdeae7a','f867e22e-137e-4754-9eb0-4b25e91ebae8','63c57551-d11a-40dc-8477-0d3b62cf4c2b',5,'2026-04-14 00:33:25.277097+00'),
  ('f1415c74-162f-4d9d-b8ff-057f2ad2a8c0','15d5e389-4ee0-4972-9dc4-e0b42bdeae7a','f867e22e-137e-4754-9eb0-4b25e91ebae8','0a587d9f-b47f-4f1f-9b61-946d00a45c99',6,'2026-04-14 00:33:25.277097+00'),
  ('b32811e5-fffe-4511-9bd1-1e40aae44d8c','15d5e389-4ee0-4972-9dc4-e0b42bdeae7a','f867e22e-137e-4754-9eb0-4b25e91ebae8','65316aa7-b445-4884-884f-b18caa826f6b',7,'2026-04-14 00:33:25.277097+00')
ON CONFLICT (id) DO NOTHING;

-- guesses
INSERT INTO public.guesses (id, season_id, guesser_id, movie_pick_id, guessed_user_id, created_at) VALUES
  ('987a394e-e81a-4775-bee1-9a6bbab83982','15d5e389-4ee0-4972-9dc4-e0b42bdeae7a','c8efb932-ad9e-41fb-b610-77db59797ebf','65316aa7-b445-4884-884f-b18caa826f6b','8eeaae0d-ccbd-4fc5-8467-f87396b1f92c','2026-03-04 21:28:09.955052+00'),
  ('f8312993-a492-4e8c-b680-3a48f7795e10','fd2d0dc5-bce4-4139-a51d-3f3390658322','c8efb932-ad9e-41fb-b610-77db59797ebf','9a78532a-4e97-4f03-b8b5-eebd8a6eae4b','8eeaae0d-ccbd-4fc5-8467-f87396b1f92c','2026-03-04 21:41:52.621239+00'),
  ('70317f3b-43cd-43e1-a396-ba279f0c2437','15d5e389-4ee0-4972-9dc4-e0b42bdeae7a','c8efb932-ad9e-41fb-b610-77db59797ebf','1294e0cb-8513-4a18-beed-f6f95086f547','f867e22e-137e-4754-9eb0-4b25e91ebae8','2026-03-04 21:28:09.955052+00'),
  ('9b4ca172-0f67-4844-ba02-6f399d489fb6','fd2d0dc5-bce4-4139-a51d-3f3390658322','c8efb932-ad9e-41fb-b610-77db59797ebf','9e75256f-c58e-4375-a3cc-8be1ab63d598','f867e22e-137e-4754-9eb0-4b25e91ebae8','2026-03-04 21:41:52.621239+00'),
  ('1ff05069-aa6c-4114-9011-8f12d0c39988','15d5e389-4ee0-4972-9dc4-e0b42bdeae7a','c8efb932-ad9e-41fb-b610-77db59797ebf','e1ff9726-0160-402a-adbf-7fba6b9d5ab9','c530de58-6e21-4746-b567-fd8ff7ff7e4e','2026-03-04 21:28:09.955052+00'),
  ('3c21c866-9f06-431f-a8bf-61ccf4117364','fd2d0dc5-bce4-4139-a51d-3f3390658322','c8efb932-ad9e-41fb-b610-77db59797ebf','48aaad3e-e80a-4b38-88bd-e6e3ef32f4b2','c530de58-6e21-4746-b567-fd8ff7ff7e4e','2026-03-04 21:41:52.621239+00'),
  ('14a171cc-3ab0-43fe-b4c9-869a7f8fb934','15d5e389-4ee0-4972-9dc4-e0b42bdeae7a','c8efb932-ad9e-41fb-b610-77db59797ebf','0a587d9f-b47f-4f1f-9b61-946d00a45c99','08b16c97-8e4b-42ed-98a6-cfe8a417c908','2026-03-04 21:28:09.955052+00'),
  ('ab5bb4cb-d17b-497f-8db5-77314edc2254','fd2d0dc5-bce4-4139-a51d-3f3390658322','c8efb932-ad9e-41fb-b610-77db59797ebf','67395741-b1d8-4c9b-958f-c552636dbadd','08b16c97-8e4b-42ed-98a6-cfe8a417c908','2026-03-04 21:41:52.621239+00'),
  ('7746bfea-a794-4af1-abe1-b8fff7ef8c43','15d5e389-4ee0-4972-9dc4-e0b42bdeae7a','8eeaae0d-ccbd-4fc5-8467-f87396b1f92c','63c57551-d11a-40dc-8477-0d3b62cf4c2b','c8efb932-ad9e-41fb-b610-77db59797ebf','2026-03-04 21:23:39.546337+00'),
  ('24d16c6b-4a61-4d7f-95d3-1a60d5806dfb','a93ef2e0-bb9e-4898-a2b6-ef32c032c402','c8efb932-ad9e-41fb-b610-77db59797ebf','2ad6fa89-27c3-45ae-b0ba-9714c2681691','42542128-e74c-462d-a196-932574e5ecb4','2026-04-05 04:00:51.415019+00'),
  ('6fbce927-22b3-41b2-ac1d-7aaed19d4149','a9b57039-43a0-4e81-bbb7-3c348aa561cf','8eeaae0d-ccbd-4fc5-8467-f87396b1f92c','302ec5c9-9bd3-44b3-a602-3294984bef5c','c8efb932-ad9e-41fb-b610-77db59797ebf','2026-03-04 21:37:42.906306+00'),
  ('55109586-8a90-45f4-808c-55ea2a43a29d','15d5e389-4ee0-4972-9dc4-e0b42bdeae7a','f867e22e-137e-4754-9eb0-4b25e91ebae8','63c57551-d11a-40dc-8477-0d3b62cf4c2b','c8efb932-ad9e-41fb-b610-77db59797ebf','2026-03-04 21:25:26.07658+00'),
  ('7a719666-16c3-44a7-92ee-69419a4b2d24','a9b57039-43a0-4e81-bbb7-3c348aa561cf','f867e22e-137e-4754-9eb0-4b25e91ebae8','302ec5c9-9bd3-44b3-a602-3294984bef5c','c8efb932-ad9e-41fb-b610-77db59797ebf','2026-03-04 21:39:46.176051+00'),
  ('00447317-a2e8-48bc-b0b8-c04e80a5c466','15d5e389-4ee0-4972-9dc4-e0b42bdeae7a','c530de58-6e21-4746-b567-fd8ff7ff7e4e','c2ab8f46-92ae-4d20-9a84-d1ac405602a3','c8efb932-ad9e-41fb-b610-77db59797ebf','2026-03-04 21:26:47.040576+00'),
  ('4ae17e57-03c7-45d9-a487-9197b2142be5','a9b57039-43a0-4e81-bbb7-3c348aa561cf','c530de58-6e21-4746-b567-fd8ff7ff7e4e','ec5842c7-427a-42f4-959b-b1d623899e7b','c8efb932-ad9e-41fb-b610-77db59797ebf','2026-03-04 21:40:09.284931+00'),
  ('f85edb42-f4a3-4b67-bd37-09d4d7ca53ea','a9b57039-43a0-4e81-bbb7-3c348aa561cf','08b16c97-8e4b-42ed-98a6-cfe8a417c908','fae415a6-5111-41d7-b946-a1520c63f40e','c8efb932-ad9e-41fb-b610-77db59797ebf','2026-03-04 21:40:58.615767+00'),
  ('568a9cc8-9ba9-470c-bc74-4825f173b30a','15d5e389-4ee0-4972-9dc4-e0b42bdeae7a','42542128-e74c-462d-a196-932574e5ecb4','63c57551-d11a-40dc-8477-0d3b62cf4c2b','c8efb932-ad9e-41fb-b610-77db59797ebf','2026-03-04 21:28:42.378417+00'),
  ('f9068d71-c665-4500-8cdb-9e6a260aa080','15d5e389-4ee0-4972-9dc4-e0b42bdeae7a','42542128-e74c-462d-a196-932574e5ecb4','c2ab8f46-92ae-4d20-9a84-d1ac405602a3','f867e22e-137e-4754-9eb0-4b25e91ebae8','2026-03-04 21:28:42.378417+00'),
  ('cb7220a3-54ac-436b-b92b-b12de29e6a59','15d5e389-4ee0-4972-9dc4-e0b42bdeae7a','42542128-e74c-462d-a196-932574e5ecb4','8ad911e9-b6db-4686-8874-9daa6f2e25e9','c530de58-6e21-4746-b567-fd8ff7ff7e4e','2026-03-04 21:28:42.378417+00'),
  ('1298ad24-040d-4646-a233-82f7a92f5035','15d5e389-4ee0-4972-9dc4-e0b42bdeae7a','42542128-e74c-462d-a196-932574e5ecb4','0a587d9f-b47f-4f1f-9b61-946d00a45c99','c530de58-6e21-4746-b567-fd8ff7ff7e4e','2026-03-04 21:28:42.378417+00'),
  ('9257704d-09ca-4069-9c01-02454e6243ae','15d5e389-4ee0-4972-9dc4-e0b42bdeae7a','42542128-e74c-462d-a196-932574e5ecb4','e1ff9726-0160-402a-adbf-7fba6b9d5ab9','08b16c97-8e4b-42ed-98a6-cfe8a417c908','2026-03-04 21:28:42.378417+00'),
  ('bce087b6-8b4c-4e8c-a9fe-d58e66028c41','15d5e389-4ee0-4972-9dc4-e0b42bdeae7a','c8efb932-ad9e-41fb-b610-77db59797ebf','8ad911e9-b6db-4686-8874-9daa6f2e25e9','42542128-e74c-462d-a196-932574e5ecb4','2026-03-04 21:28:09.955052+00'),
  ('20b6a383-a897-431e-a941-74eee7da8409','15d5e389-4ee0-4972-9dc4-e0b42bdeae7a','8eeaae0d-ccbd-4fc5-8467-f87396b1f92c','e1ff9726-0160-402a-adbf-7fba6b9d5ab9','42542128-e74c-462d-a196-932574e5ecb4','2026-03-04 21:23:39.546337+00'),
  ('41bf7a82-b6a4-43c9-8535-1aa02cf0c88b','15d5e389-4ee0-4972-9dc4-e0b42bdeae7a','f867e22e-137e-4754-9eb0-4b25e91ebae8','1294e0cb-8513-4a18-beed-f6f95086f547','42542128-e74c-462d-a196-932574e5ecb4','2026-03-04 21:25:26.07658+00'),
  ('d40b9b4d-cc00-4dbe-8ce1-45e2983421b8','15d5e389-4ee0-4972-9dc4-e0b42bdeae7a','08b16c97-8e4b-42ed-98a6-cfe8a417c908','c2ab8f46-92ae-4d20-9a84-d1ac405602a3','42542128-e74c-462d-a196-932574e5ecb4','2026-03-04 21:26:09.042364+00'),
  ('47c4132d-2d70-4adf-851c-ec5293c10801','15d5e389-4ee0-4972-9dc4-e0b42bdeae7a','c530de58-6e21-4746-b567-fd8ff7ff7e4e','e1ff9726-0160-402a-adbf-7fba6b9d5ab9','42542128-e74c-462d-a196-932574e5ecb4','2026-03-04 21:26:47.040576+00'),
  ('bf777efd-6643-4cf6-a31c-87c440b788db','a93ef2e0-bb9e-4898-a2b6-ef32c032c402','f867e22e-137e-4754-9eb0-4b25e91ebae8','f571af8d-f21e-4bbe-8d03-97a2c53cf14b','28fb7843-c6f3-4ed4-9e58-3c4e4299542e','2026-04-05 03:48:29.325036+00'),
  ('0b9fbe0e-a878-484d-a43b-b65d8be6f6d9','a93ef2e0-bb9e-4898-a2b6-ef32c032c402','f867e22e-137e-4754-9eb0-4b25e91ebae8','3b840787-8976-4f27-bc90-bbef4718c861','c8efb932-ad9e-41fb-b610-77db59797ebf','2026-04-05 03:48:29.325036+00'),
  ('d883e0db-d12e-4a91-b2fe-3dc8ef968e03','a93ef2e0-bb9e-4898-a2b6-ef32c032c402','f867e22e-137e-4754-9eb0-4b25e91ebae8','2ad6fa89-27c3-45ae-b0ba-9714c2681691','c530de58-6e21-4746-b567-fd8ff7ff7e4e','2026-04-05 03:48:29.325036+00'),
  ('2d94e1bc-3249-4aa1-919a-03f2bfc8a4be','a93ef2e0-bb9e-4898-a2b6-ef32c032c402','f867e22e-137e-4754-9eb0-4b25e91ebae8','8b6c613e-7bce-4acb-ab99-e8dd0dd77c64','08b16c97-8e4b-42ed-98a6-cfe8a417c908','2026-04-05 03:48:29.325036+00'),
  ('5127408d-c46f-48c2-beee-fb617e5be133','a93ef2e0-bb9e-4898-a2b6-ef32c032c402','f867e22e-137e-4754-9eb0-4b25e91ebae8','2619a946-2175-48ad-a8dc-5a4dbb76e401','8eeaae0d-ccbd-4fc5-8467-f87396b1f92c','2026-04-05 03:48:29.325036+00'),
  ('32ce2e82-f9d3-44de-a10d-fe4252b00340','a93ef2e0-bb9e-4898-a2b6-ef32c032c402','f867e22e-137e-4754-9eb0-4b25e91ebae8','ad68685f-2763-445c-9ff1-1ac4cf7d272d','42542128-e74c-462d-a196-932574e5ecb4','2026-04-05 03:48:29.325036+00'),
  ('209ba887-9b1c-4bb7-b4b4-01aaf7f06804','a93ef2e0-bb9e-4898-a2b6-ef32c032c402','c8efb932-ad9e-41fb-b610-77db59797ebf','2619a946-2175-48ad-a8dc-5a4dbb76e401','8eeaae0d-ccbd-4fc5-8467-f87396b1f92c','2026-04-05 04:00:51.415019+00'),
  ('f7d74e46-8e90-411d-a674-38980a93fc49','a93ef2e0-bb9e-4898-a2b6-ef32c032c402','c8efb932-ad9e-41fb-b610-77db59797ebf','946d0fcd-e477-49ca-bbf3-3963ba374353','08b16c97-8e4b-42ed-98a6-cfe8a417c908','2026-04-05 04:00:51.415019+00'),
  ('e67afafa-7ffa-4281-b9f5-52cbb448d6f3','a93ef2e0-bb9e-4898-a2b6-ef32c032c402','c8efb932-ad9e-41fb-b610-77db59797ebf','8b6c613e-7bce-4acb-ab99-e8dd0dd77c64','28fb7843-c6f3-4ed4-9e58-3c4e4299542e','2026-04-05 04:00:51.415019+00'),
  ('2d23c071-f71d-43d3-ace0-ade555bf66a5','a93ef2e0-bb9e-4898-a2b6-ef32c032c402','c8efb932-ad9e-41fb-b610-77db59797ebf','3b840787-8976-4f27-bc90-bbef4718c861','f867e22e-137e-4754-9eb0-4b25e91ebae8','2026-04-05 04:00:51.415019+00'),
  ('d48a83cf-c07f-40ec-8a82-c54583af2347','a93ef2e0-bb9e-4898-a2b6-ef32c032c402','c8efb932-ad9e-41fb-b610-77db59797ebf','f571af8d-f21e-4bbe-8d03-97a2c53cf14b','c530de58-6e21-4746-b567-fd8ff7ff7e4e','2026-04-05 04:00:51.415019+00'),
  ('7568c7b6-3d75-4aea-8e2e-e61137a0a2ff','a93ef2e0-bb9e-4898-a2b6-ef32c032c402','08b16c97-8e4b-42ed-98a6-cfe8a417c908','3b840787-8976-4f27-bc90-bbef4718c861','28fb7843-c6f3-4ed4-9e58-3c4e4299542e','2026-04-05 13:00:38.960374+00'),
  ('ec8e38ac-d6f4-496b-bf50-21a90f3c7016','a93ef2e0-bb9e-4898-a2b6-ef32c032c402','08b16c97-8e4b-42ed-98a6-cfe8a417c908','2ad6fa89-27c3-45ae-b0ba-9714c2681691','42542128-e74c-462d-a196-932574e5ecb4','2026-04-05 13:00:38.960374+00'),
  ('0a485fb0-5530-4cb7-a3c7-ea2420b56b84','a93ef2e0-bb9e-4898-a2b6-ef32c032c402','08b16c97-8e4b-42ed-98a6-cfe8a417c908','8b6c613e-7bce-4acb-ab99-e8dd0dd77c64','8eeaae0d-ccbd-4fc5-8467-f87396b1f92c','2026-04-05 13:00:38.960374+00'),
  ('22693e9e-b874-48f4-a99f-4a89945d0c20','a93ef2e0-bb9e-4898-a2b6-ef32c032c402','08b16c97-8e4b-42ed-98a6-cfe8a417c908','946d0fcd-e477-49ca-bbf3-3963ba374353','f867e22e-137e-4754-9eb0-4b25e91ebae8','2026-04-05 13:00:38.960374+00'),
  ('1e56a48a-88e0-47c2-9382-4020cb7a0646','a93ef2e0-bb9e-4898-a2b6-ef32c032c402','08b16c97-8e4b-42ed-98a6-cfe8a417c908','ad68685f-2763-445c-9ff1-1ac4cf7d272d','c530de58-6e21-4746-b567-fd8ff7ff7e4e','2026-04-05 13:00:38.960374+00'),
  ('1b4ff009-f1b0-4253-a004-9f2db77e872c','a93ef2e0-bb9e-4898-a2b6-ef32c032c402','08b16c97-8e4b-42ed-98a6-cfe8a417c908','f571af8d-f21e-4bbe-8d03-97a2c53cf14b','c8efb932-ad9e-41fb-b610-77db59797ebf','2026-04-05 13:00:38.960374+00'),
  ('ae9344de-9940-4cc9-8a53-58d5f8cf4b67','a93ef2e0-bb9e-4898-a2b6-ef32c032c402','c530de58-6e21-4746-b567-fd8ff7ff7e4e','2ad6fa89-27c3-45ae-b0ba-9714c2681691','42542128-e74c-462d-a196-932574e5ecb4','2026-04-10 00:14:42.120991+00'),
  ('de4e7da3-78ea-43a4-89a0-010b676fd750','a93ef2e0-bb9e-4898-a2b6-ef32c032c402','c530de58-6e21-4746-b567-fd8ff7ff7e4e','8b6c613e-7bce-4acb-ab99-e8dd0dd77c64','28fb7843-c6f3-4ed4-9e58-3c4e4299542e','2026-04-10 00:14:42.120991+00'),
  ('2103c69f-3509-40ba-bb90-401367e0de75','15d5e389-4ee0-4972-9dc4-e0b42bdeae7a','28fb7843-c6f3-4ed4-9e58-3c4e4299542e','8ad911e9-b6db-4686-8874-9daa6f2e25e9','8eeaae0d-ccbd-4fc5-8467-f87396b1f92c','2026-03-04 21:27:19.35265+00'),
  ('fa443be7-dc07-4b95-b10c-e24758fb278b','15d5e389-4ee0-4972-9dc4-e0b42bdeae7a','f867e22e-137e-4754-9eb0-4b25e91ebae8','8ad911e9-b6db-4686-8874-9daa6f2e25e9','8eeaae0d-ccbd-4fc5-8467-f87396b1f92c','2026-03-04 21:25:26.07658+00'),
  ('80dcd459-3014-45d1-8c33-e124a24791e2','15d5e389-4ee0-4972-9dc4-e0b42bdeae7a','8eeaae0d-ccbd-4fc5-8467-f87396b1f92c','65316aa7-b445-4884-884f-b18caa826f6b','f867e22e-137e-4754-9eb0-4b25e91ebae8','2026-03-04 21:23:39.546337+00'),
  ('2f13721a-9598-4b2c-9e6d-b9072014f51e','a9b57039-43a0-4e81-bbb7-3c348aa561cf','8eeaae0d-ccbd-4fc5-8467-f87396b1f92c','fae415a6-5111-41d7-b946-a1520c63f40e','f867e22e-137e-4754-9eb0-4b25e91ebae8','2026-03-04 21:37:42.906306+00'),
  ('cd35be76-00e3-40f8-aa5e-b20747b1fbc0','15d5e389-4ee0-4972-9dc4-e0b42bdeae7a','08b16c97-8e4b-42ed-98a6-cfe8a417c908','8ad911e9-b6db-4686-8874-9daa6f2e25e9','8eeaae0d-ccbd-4fc5-8467-f87396b1f92c','2026-03-04 21:26:09.042364+00'),
  ('d38170d5-abde-4cb3-9681-9ecc5cf4042e','15d5e389-4ee0-4972-9dc4-e0b42bdeae7a','c530de58-6e21-4746-b567-fd8ff7ff7e4e','1294e0cb-8513-4a18-beed-f6f95086f547','8eeaae0d-ccbd-4fc5-8467-f87396b1f92c','2026-03-04 21:26:47.040576+00'),
  ('4f829e88-97c5-4d10-9816-424e0796d059','15d5e389-4ee0-4972-9dc4-e0b42bdeae7a','c530de58-6e21-4746-b567-fd8ff7ff7e4e','63c57551-d11a-40dc-8477-0d3b62cf4c2b','f867e22e-137e-4754-9eb0-4b25e91ebae8','2026-03-04 21:26:47.040576+00'),
  ('84fb9eb0-65ab-485a-83cc-1d2fa924ec04','a9b57039-43a0-4e81-bbb7-3c348aa561cf','c530de58-6e21-4746-b567-fd8ff7ff7e4e','fae415a6-5111-41d7-b946-a1520c63f40e','f867e22e-137e-4754-9eb0-4b25e91ebae8','2026-03-04 21:40:09.284931+00'),
  ('1c16095e-8482-4151-9d0a-74dbc311f205','15d5e389-4ee0-4972-9dc4-e0b42bdeae7a','8eeaae0d-ccbd-4fc5-8467-f87396b1f92c','0a587d9f-b47f-4f1f-9b61-946d00a45c99','c530de58-6e21-4746-b567-fd8ff7ff7e4e','2026-03-04 21:23:39.546337+00'),
  ('7669ecf0-32d9-48d6-bfef-37d864518afb','a9b57039-43a0-4e81-bbb7-3c348aa561cf','8eeaae0d-ccbd-4fc5-8467-f87396b1f92c','81f2d3b9-c9f0-41f4-b694-adf156667e41','c530de58-6e21-4746-b567-fd8ff7ff7e4e','2026-03-04 21:37:42.906306+00'),
  ('b3cf3035-1cd9-428b-94fd-eedbbac8d836','15d5e389-4ee0-4972-9dc4-e0b42bdeae7a','f867e22e-137e-4754-9eb0-4b25e91ebae8','0a587d9f-b47f-4f1f-9b61-946d00a45c99','c530de58-6e21-4746-b567-fd8ff7ff7e4e','2026-03-04 21:25:26.07658+00'),
  ('7c8d7ed0-42af-4f99-929d-14e3a236006a','a9b57039-43a0-4e81-bbb7-3c348aa561cf','f867e22e-137e-4754-9eb0-4b25e91ebae8','81f2d3b9-c9f0-41f4-b694-adf156667e41','c530de58-6e21-4746-b567-fd8ff7ff7e4e','2026-03-04 21:39:46.176051+00'),
  ('30286bc2-eb11-48c0-b5d9-4f9557c2d695','15d5e389-4ee0-4972-9dc4-e0b42bdeae7a','08b16c97-8e4b-42ed-98a6-cfe8a417c908','63c57551-d11a-40dc-8477-0d3b62cf4c2b','8eeaae0d-ccbd-4fc5-8467-f87396b1f92c','2026-03-04 21:26:09.042364+00'),
  ('68504932-d930-4a82-8fba-7edb312ea654','15d5e389-4ee0-4972-9dc4-e0b42bdeae7a','08b16c97-8e4b-42ed-98a6-cfe8a417c908','65316aa7-b445-4884-884f-b18caa826f6b','f867e22e-137e-4754-9eb0-4b25e91ebae8','2026-03-04 21:26:09.042364+00'),
  ('641b1ff9-09f3-420e-8b64-ba7917edc805','a9b57039-43a0-4e81-bbb7-3c348aa561cf','08b16c97-8e4b-42ed-98a6-cfe8a417c908','338d8cf1-414a-42d4-a54d-df59fd1fb505','f867e22e-137e-4754-9eb0-4b25e91ebae8','2026-03-04 21:40:58.615767+00'),
  ('dc0c4507-985a-4c7a-959e-20652977077d','15d5e389-4ee0-4972-9dc4-e0b42bdeae7a','08b16c97-8e4b-42ed-98a6-cfe8a417c908','0a587d9f-b47f-4f1f-9b61-946d00a45c99','c530de58-6e21-4746-b567-fd8ff7ff7e4e','2026-03-04 21:26:09.042364+00'),
  ('f7be4785-da57-4480-9ff3-bf1d87e79400','a9b57039-43a0-4e81-bbb7-3c348aa561cf','08b16c97-8e4b-42ed-98a6-cfe8a417c908','302ec5c9-9bd3-44b3-a602-3294984bef5c','c530de58-6e21-4746-b567-fd8ff7ff7e4e','2026-03-04 21:40:58.615767+00'),
  ('70760639-a049-45ea-b7b7-63ac14a9cb93','15d5e389-4ee0-4972-9dc4-e0b42bdeae7a','8eeaae0d-ccbd-4fc5-8467-f87396b1f92c','1294e0cb-8513-4a18-beed-f6f95086f547','08b16c97-8e4b-42ed-98a6-cfe8a417c908','2026-03-04 21:23:39.546337+00'),
  ('65c8375f-c436-4b7f-9a62-bb4d86d4c777','a9b57039-43a0-4e81-bbb7-3c348aa561cf','8eeaae0d-ccbd-4fc5-8467-f87396b1f92c','ec5842c7-427a-42f4-959b-b1d623899e7b','08b16c97-8e4b-42ed-98a6-cfe8a417c908','2026-03-04 21:37:42.906306+00'),
  ('ae15f4ae-f934-4fac-b0b4-2d0a440870d8','15d5e389-4ee0-4972-9dc4-e0b42bdeae7a','f867e22e-137e-4754-9eb0-4b25e91ebae8','65316aa7-b445-4884-884f-b18caa826f6b','08b16c97-8e4b-42ed-98a6-cfe8a417c908','2026-03-04 21:25:26.07658+00'),
  ('70909b7e-6941-4174-a948-c06c27218f39','a9b57039-43a0-4e81-bbb7-3c348aa561cf','f867e22e-137e-4754-9eb0-4b25e91ebae8','ec5842c7-427a-42f4-959b-b1d623899e7b','08b16c97-8e4b-42ed-98a6-cfe8a417c908','2026-03-04 21:39:46.176051+00'),
  ('36ce7641-2e3b-4292-ac7a-5489237f9efe','15d5e389-4ee0-4972-9dc4-e0b42bdeae7a','c530de58-6e21-4746-b567-fd8ff7ff7e4e','65316aa7-b445-4884-884f-b18caa826f6b','08b16c97-8e4b-42ed-98a6-cfe8a417c908','2026-03-04 21:26:47.040576+00'),
  ('365a8160-d1ff-4e23-937a-8d726144a1af','a9b57039-43a0-4e81-bbb7-3c348aa561cf','c530de58-6e21-4746-b567-fd8ff7ff7e4e','302ec5c9-9bd3-44b3-a602-3294984bef5c','08b16c97-8e4b-42ed-98a6-cfe8a417c908','2026-03-04 21:40:09.284931+00'),
  ('12e98bba-e6ef-4bf3-86d2-32e293879c8b','15d5e389-4ee0-4972-9dc4-e0b42bdeae7a','c8efb932-ad9e-41fb-b610-77db59797ebf','c2ab8f46-92ae-4d20-9a84-d1ac405602a3','28fb7843-c6f3-4ed4-9e58-3c4e4299542e','2026-03-04 21:28:09.955052+00'),
  ('55b74d66-6b51-478f-ae0d-4b6fdbb3654b','fd2d0dc5-bce4-4139-a51d-3f3390658322','c8efb932-ad9e-41fb-b610-77db59797ebf','41027d43-d2a8-490b-986e-cc55201f1425','28fb7843-c6f3-4ed4-9e58-3c4e4299542e','2026-03-04 21:41:52.621239+00'),
  ('bef1f5df-b0db-498c-92c0-fbde786ee058','fd2d0dc5-bce4-4139-a51d-3f3390658322','c8efb932-ad9e-41fb-b610-77db59797ebf','9da23244-017b-40d9-a725-2d06d46b981d','f867e22e-137e-4754-9eb0-4b25e91ebae8','2026-03-04 21:58:36.546575+00'),
  ('6c02bdd8-2cd4-4a17-bab5-fde17fe0ce61','fd2d0dc5-bce4-4139-a51d-3f3390658322','8eeaae0d-ccbd-4fc5-8467-f87396b1f92c','ed1066d4-a425-4960-929a-a02a33b45c42','c8efb932-ad9e-41fb-b610-77db59797ebf','2026-03-04 21:43:02.656018+00'),
  ('ab8ecd94-c692-4d0e-ba58-79d66f647fda','15d5e389-4ee0-4972-9dc4-e0b42bdeae7a','28fb7843-c6f3-4ed4-9e58-3c4e4299542e','63c57551-d11a-40dc-8477-0d3b62cf4c2b','c8efb932-ad9e-41fb-b610-77db59797ebf','2026-03-04 21:27:19.35265+00'),
  ('14cc7d6a-2bbe-494e-bf63-215e7edffbc5','a9b57039-43a0-4e81-bbb7-3c348aa561cf','28fb7843-c6f3-4ed4-9e58-3c4e4299542e','fae415a6-5111-41d7-b946-a1520c63f40e','c8efb932-ad9e-41fb-b610-77db59797ebf','2026-03-04 21:40:33.571814+00'),
  ('8322cd20-a37a-41d9-b803-3e477de3d78a','fd2d0dc5-bce4-4139-a51d-3f3390658322','28fb7843-c6f3-4ed4-9e58-3c4e4299542e','ed1066d4-a425-4960-929a-a02a33b45c42','c8efb932-ad9e-41fb-b610-77db59797ebf','2026-03-04 21:42:29.30967+00'),
  ('3448c186-b0f1-4c75-aa5d-c481baff47b5','fd2d0dc5-bce4-4139-a51d-3f3390658322','c530de58-6e21-4746-b567-fd8ff7ff7e4e','ed1066d4-a425-4960-929a-a02a33b45c42','c8efb932-ad9e-41fb-b610-77db59797ebf','2026-03-04 21:44:31.30926+00'),
  ('552688cb-444b-4aed-a1f4-61755ca0b516','fd2d0dc5-bce4-4139-a51d-3f3390658322','08b16c97-8e4b-42ed-98a6-cfe8a417c908','ed1066d4-a425-4960-929a-a02a33b45c42','c8efb932-ad9e-41fb-b610-77db59797ebf','2026-03-04 21:50:03.4107+00'),
  ('de9f37eb-2ca5-403c-b30e-1c029adee217','fd2d0dc5-bce4-4139-a51d-3f3390658322','f867e22e-137e-4754-9eb0-4b25e91ebae8','ed1066d4-a425-4960-929a-a02a33b45c42','c8efb932-ad9e-41fb-b610-77db59797ebf','2026-03-04 21:43:52.473634+00'),
  ('218ad404-e763-4b62-958a-7ef1170cfa40','15d5e389-4ee0-4972-9dc4-e0b42bdeae7a','42542128-e74c-462d-a196-932574e5ecb4','1294e0cb-8513-4a18-beed-f6f95086f547','28fb7843-c6f3-4ed4-9e58-3c4e4299542e','2026-03-04 21:28:42.378417+00'),
  ('667ece7e-7393-4397-9fc5-63b91f2cd0cc','fd2d0dc5-bce4-4139-a51d-3f3390658322','8eeaae0d-ccbd-4fc5-8467-f87396b1f92c','9e75256f-c58e-4375-a3cc-8be1ab63d598','42542128-e74c-462d-a196-932574e5ecb4','2026-03-04 21:43:02.656018+00'),
  ('51242f6c-a0cc-464d-aca2-4875218e9a38','15d5e389-4ee0-4972-9dc4-e0b42bdeae7a','28fb7843-c6f3-4ed4-9e58-3c4e4299542e','e1ff9726-0160-402a-adbf-7fba6b9d5ab9','42542128-e74c-462d-a196-932574e5ecb4','2026-03-04 21:27:19.35265+00'),
  ('53570a05-8ea4-47b7-943f-161a4d582d54','fd2d0dc5-bce4-4139-a51d-3f3390658322','28fb7843-c6f3-4ed4-9e58-3c4e4299542e','41027d43-d2a8-490b-986e-cc55201f1425','42542128-e74c-462d-a196-932574e5ecb4','2026-03-04 21:42:29.30967+00'),
  ('7bcb49cb-2247-4309-88b6-9b9ec7e72347','fd2d0dc5-bce4-4139-a51d-3f3390658322','f867e22e-137e-4754-9eb0-4b25e91ebae8','9e75256f-c58e-4375-a3cc-8be1ab63d598','42542128-e74c-462d-a196-932574e5ecb4','2026-03-04 21:43:52.473634+00'),
  ('97d226a8-4a77-4009-a019-7d534dbeefe1','fd2d0dc5-bce4-4139-a51d-3f3390658322','08b16c97-8e4b-42ed-98a6-cfe8a417c908','67395741-b1d8-4c9b-958f-c552636dbadd','42542128-e74c-462d-a196-932574e5ecb4','2026-03-04 21:50:03.4107+00'),
  ('86b1b2bd-3b71-42a5-ab33-220ffb15ba38','fd2d0dc5-bce4-4139-a51d-3f3390658322','c530de58-6e21-4746-b567-fd8ff7ff7e4e','41027d43-d2a8-490b-986e-cc55201f1425','42542128-e74c-462d-a196-932574e5ecb4','2026-03-04 21:44:31.30926+00'),
  ('ee5633b8-e5b8-4dfc-bb34-84994e62fbb1','a93ef2e0-bb9e-4898-a2b6-ef32c032c402','8eeaae0d-ccbd-4fc5-8467-f87396b1f92c','8b6c613e-7bce-4acb-ab99-e8dd0dd77c64','28fb7843-c6f3-4ed4-9e58-3c4e4299542e','2026-04-05 03:58:40.606865+00'),
  ('18860a28-53c0-479e-93fd-608c9ac8c87f','a93ef2e0-bb9e-4898-a2b6-ef32c032c402','8eeaae0d-ccbd-4fc5-8467-f87396b1f92c','2ad6fa89-27c3-45ae-b0ba-9714c2681691','42542128-e74c-462d-a196-932574e5ecb4','2026-04-05 03:58:40.606865+00'),
  ('74f3d872-46d9-4d2d-bf7a-d7dd38d5769c','a93ef2e0-bb9e-4898-a2b6-ef32c032c402','8eeaae0d-ccbd-4fc5-8467-f87396b1f92c','ad68685f-2763-445c-9ff1-1ac4cf7d272d','c530de58-6e21-4746-b567-fd8ff7ff7e4e','2026-04-05 03:58:40.606865+00'),
  ('c106831e-ab21-4cc5-ae33-f83e4feb976f','a93ef2e0-bb9e-4898-a2b6-ef32c032c402','8eeaae0d-ccbd-4fc5-8467-f87396b1f92c','946d0fcd-e477-49ca-bbf3-3963ba374353','c8efb932-ad9e-41fb-b610-77db59797ebf','2026-04-05 03:58:40.606865+00'),
  ('f165dbc9-4722-4f8f-926d-dd852fdfbb76','a93ef2e0-bb9e-4898-a2b6-ef32c032c402','8eeaae0d-ccbd-4fc5-8467-f87396b1f92c','2619a946-2175-48ad-a8dc-5a4dbb76e401','f867e22e-137e-4754-9eb0-4b25e91ebae8','2026-04-05 03:58:40.606865+00'),
  ('7d55a44a-94d4-4439-9dfc-656858b078da','a93ef2e0-bb9e-4898-a2b6-ef32c032c402','8eeaae0d-ccbd-4fc5-8467-f87396b1f92c','3b840787-8976-4f27-bc90-bbef4718c861','08b16c97-8e4b-42ed-98a6-cfe8a417c908','2026-04-05 03:58:40.606865+00'),
  ('f07035a5-4316-438e-9e3d-e0534daf3987','a93ef2e0-bb9e-4898-a2b6-ef32c032c402','28fb7843-c6f3-4ed4-9e58-3c4e4299542e','f571af8d-f21e-4bbe-8d03-97a2c53cf14b','8eeaae0d-ccbd-4fc5-8467-f87396b1f92c','2026-04-05 04:10:51.800244+00'),
  ('7d217954-c532-48dc-8da4-f6782eda8424','a93ef2e0-bb9e-4898-a2b6-ef32c032c402','28fb7843-c6f3-4ed4-9e58-3c4e4299542e','2ad6fa89-27c3-45ae-b0ba-9714c2681691','c8efb932-ad9e-41fb-b610-77db59797ebf','2026-04-05 04:10:51.800244+00'),
  ('fb0c147c-2a8a-4b10-b646-cdf6955aacd9','fd2d0dc5-bce4-4139-a51d-3f3390658322','28fb7843-c6f3-4ed4-9e58-3c4e4299542e','48aaad3e-e80a-4b38-88bd-e6e3ef32f4b2','8eeaae0d-ccbd-4fc5-8467-f87396b1f92c','2026-03-04 21:42:29.30967+00'),
  ('81143017-e522-4a51-944e-084118ffbb1c','15d5e389-4ee0-4972-9dc4-e0b42bdeae7a','8eeaae0d-ccbd-4fc5-8467-f87396b1f92c','c2ab8f46-92ae-4d20-9a84-d1ac405602a3','28fb7843-c6f3-4ed4-9e58-3c4e4299542e','2026-03-04 21:23:39.546337+00'),
  ('1e0c3d08-1287-4d54-b200-29ce4229fca9','a93ef2e0-bb9e-4898-a2b6-ef32c032c402','28fb7843-c6f3-4ed4-9e58-3c4e4299542e','ad68685f-2763-445c-9ff1-1ac4cf7d272d','c530de58-6e21-4746-b567-fd8ff7ff7e4e','2026-04-05 04:10:51.800244+00'),
  ('11a730a2-6c9a-476c-b08e-f77bcd27c61a','a93ef2e0-bb9e-4898-a2b6-ef32c032c402','28fb7843-c6f3-4ed4-9e58-3c4e4299542e','946d0fcd-e477-49ca-bbf3-3963ba374353','f867e22e-137e-4754-9eb0-4b25e91ebae8','2026-04-05 04:10:51.800244+00'),
  ('f97955de-fc5b-46c2-bd2b-5a069b6c71cb','a93ef2e0-bb9e-4898-a2b6-ef32c032c402','28fb7843-c6f3-4ed4-9e58-3c4e4299542e','3b840787-8976-4f27-bc90-bbef4718c861','42542128-e74c-462d-a196-932574e5ecb4','2026-04-05 04:10:51.800244+00'),
  ('af95e12c-e2e8-46fb-b154-e14a0633f1f2','a93ef2e0-bb9e-4898-a2b6-ef32c032c402','28fb7843-c6f3-4ed4-9e58-3c4e4299542e','2619a946-2175-48ad-a8dc-5a4dbb76e401','08b16c97-8e4b-42ed-98a6-cfe8a417c908','2026-04-05 04:10:51.800244+00'),
  ('34362c7a-1907-416c-aae8-7f73ac46cd85','a93ef2e0-bb9e-4898-a2b6-ef32c032c402','42542128-e74c-462d-a196-932574e5ecb4','ad68685f-2763-445c-9ff1-1ac4cf7d272d','c8efb932-ad9e-41fb-b610-77db59797ebf','2026-04-06 05:56:59.049452+00'),
  ('b3e2f59b-15e3-4969-b662-ea6eb244431f','a93ef2e0-bb9e-4898-a2b6-ef32c032c402','42542128-e74c-462d-a196-932574e5ecb4','8b6c613e-7bce-4acb-ab99-e8dd0dd77c64','f867e22e-137e-4754-9eb0-4b25e91ebae8','2026-04-06 05:56:59.049452+00'),
  ('9709166e-916a-4137-b3b5-595e7822eb41','fd2d0dc5-bce4-4139-a51d-3f3390658322','8eeaae0d-ccbd-4fc5-8467-f87396b1f92c','67395741-b1d8-4c9b-958f-c552636dbadd','28fb7843-c6f3-4ed4-9e58-3c4e4299542e','2026-03-04 21:43:02.656018+00'),
  ('9e85fcb2-cfa0-47d7-b31e-93793843b477','a93ef2e0-bb9e-4898-a2b6-ef32c032c402','42542128-e74c-462d-a196-932574e5ecb4','3b840787-8976-4f27-bc90-bbef4718c861','28fb7843-c6f3-4ed4-9e58-3c4e4299542e','2026-04-06 05:56:59.049452+00'),
  ('60c38553-2498-49ca-9177-99d1152e4dd1','fd2d0dc5-bce4-4139-a51d-3f3390658322','f867e22e-137e-4754-9eb0-4b25e91ebae8','41027d43-d2a8-490b-986e-cc55201f1425','8eeaae0d-ccbd-4fc5-8467-f87396b1f92c','2026-03-04 21:43:52.473634+00'),
  ('6e292318-578a-4736-900b-96ef0c5d2dd0','15d5e389-4ee0-4972-9dc4-e0b42bdeae7a','f867e22e-137e-4754-9eb0-4b25e91ebae8','c2ab8f46-92ae-4d20-9a84-d1ac405602a3','28fb7843-c6f3-4ed4-9e58-3c4e4299542e','2026-03-04 21:25:26.07658+00'),
  ('4598d67a-7b8b-4c6e-990b-66b654f81994','a9b57039-43a0-4e81-bbb7-3c348aa561cf','f867e22e-137e-4754-9eb0-4b25e91ebae8','338d8cf1-414a-42d4-a54d-df59fd1fb505','28fb7843-c6f3-4ed4-9e58-3c4e4299542e','2026-03-04 21:39:46.176051+00'),
  ('a505679b-6663-4ef9-838e-2d0a3ceaecd4','fd2d0dc5-bce4-4139-a51d-3f3390658322','f867e22e-137e-4754-9eb0-4b25e91ebae8','48aaad3e-e80a-4b38-88bd-e6e3ef32f4b2','28fb7843-c6f3-4ed4-9e58-3c4e4299542e','2026-03-04 21:43:52.473634+00'),
  ('7e11399c-3392-47c1-98bc-32a6c6fcf075','a93ef2e0-bb9e-4898-a2b6-ef32c032c402','42542128-e74c-462d-a196-932574e5ecb4','f571af8d-f21e-4bbe-8d03-97a2c53cf14b','8eeaae0d-ccbd-4fc5-8467-f87396b1f92c','2026-04-06 05:56:59.049452+00'),
  ('09d9fd7d-cd37-489a-97e7-90ccfe514954','fd2d0dc5-bce4-4139-a51d-3f3390658322','8eeaae0d-ccbd-4fc5-8467-f87396b1f92c','9da23244-017b-40d9-a725-2d06d46b981d','f867e22e-137e-4754-9eb0-4b25e91ebae8','2026-03-04 21:58:06.625545+00'),
  ('f3dbf8cb-70dc-4caf-b07e-f53857fa1790','a93ef2e0-bb9e-4898-a2b6-ef32c032c402','42542128-e74c-462d-a196-932574e5ecb4','946d0fcd-e477-49ca-bbf3-3963ba374353','08b16c97-8e4b-42ed-98a6-cfe8a417c908','2026-04-06 05:56:59.049452+00'),
  ('313e4b63-4a51-4709-88fa-f6553a04eae8','15d5e389-4ee0-4972-9dc4-e0b42bdeae7a','28fb7843-c6f3-4ed4-9e58-3c4e4299542e','65316aa7-b445-4884-884f-b18caa826f6b','f867e22e-137e-4754-9eb0-4b25e91ebae8','2026-03-04 21:27:19.35265+00'),
  ('6de92825-643e-49c7-b2b0-1592d292d304','a9b57039-43a0-4e81-bbb7-3c348aa561cf','28fb7843-c6f3-4ed4-9e58-3c4e4299542e','ec5842c7-427a-42f4-959b-b1d623899e7b','f867e22e-137e-4754-9eb0-4b25e91ebae8','2026-03-04 21:40:33.571814+00'),
  ('9c4d0f70-8e73-4dc0-822c-2ce2078d8379','fd2d0dc5-bce4-4139-a51d-3f3390658322','28fb7843-c6f3-4ed4-9e58-3c4e4299542e','67395741-b1d8-4c9b-958f-c552636dbadd','f867e22e-137e-4754-9eb0-4b25e91ebae8','2026-03-04 21:42:29.30967+00'),
  ('cabc57b4-33dc-4c20-88ab-a259deb74733','fd2d0dc5-bce4-4139-a51d-3f3390658322','c530de58-6e21-4746-b567-fd8ff7ff7e4e','9a78532a-4e97-4f03-b8b5-eebd8a6eae4b','8eeaae0d-ccbd-4fc5-8467-f87396b1f92c','2026-03-04 21:44:31.30926+00'),
  ('64a8358b-b017-481a-97f6-dfd5c68ec79e','15d5e389-4ee0-4972-9dc4-e0b42bdeae7a','c530de58-6e21-4746-b567-fd8ff7ff7e4e','8ad911e9-b6db-4686-8874-9daa6f2e25e9','28fb7843-c6f3-4ed4-9e58-3c4e4299542e','2026-03-04 21:26:47.040576+00'),
  ('0858fcf1-b8c5-419d-b311-1ca63aa33322','a9b57039-43a0-4e81-bbb7-3c348aa561cf','c530de58-6e21-4746-b567-fd8ff7ff7e4e','338d8cf1-414a-42d4-a54d-df59fd1fb505','28fb7843-c6f3-4ed4-9e58-3c4e4299542e','2026-03-04 21:40:09.284931+00'),
  ('babbb37c-3a76-4e24-be4c-48af272f383d','fd2d0dc5-bce4-4139-a51d-3f3390658322','c530de58-6e21-4746-b567-fd8ff7ff7e4e','48aaad3e-e80a-4b38-88bd-e6e3ef32f4b2','28fb7843-c6f3-4ed4-9e58-3c4e4299542e','2026-03-04 21:44:31.30926+00'),
  ('ff2ce7b0-62f7-4e10-82db-85e1382a9e92','fd2d0dc5-bce4-4139-a51d-3f3390658322','c530de58-6e21-4746-b567-fd8ff7ff7e4e','9da23244-017b-40d9-a725-2d06d46b981d','f867e22e-137e-4754-9eb0-4b25e91ebae8','2026-03-04 22:00:02.172152+00'),
  ('09878bd8-2720-4b28-aeb7-0e0883b03e36','fd2d0dc5-bce4-4139-a51d-3f3390658322','8eeaae0d-ccbd-4fc5-8467-f87396b1f92c','41027d43-d2a8-490b-986e-cc55201f1425','c530de58-6e21-4746-b567-fd8ff7ff7e4e','2026-03-04 21:43:02.656018+00'),
  ('274606c7-6d1c-4550-8c7e-b1ab8d0bfeab','a93ef2e0-bb9e-4898-a2b6-ef32c032c402','42542128-e74c-462d-a196-932574e5ecb4','2619a946-2175-48ad-a8dc-5a4dbb76e401','c530de58-6e21-4746-b567-fd8ff7ff7e4e','2026-04-06 05:56:59.049452+00'),
  ('2ffe43c2-fde7-4cd4-8415-9635aa797f1e','15d5e389-4ee0-4972-9dc4-e0b42bdeae7a','28fb7843-c6f3-4ed4-9e58-3c4e4299542e','0a587d9f-b47f-4f1f-9b61-946d00a45c99','c530de58-6e21-4746-b567-fd8ff7ff7e4e','2026-03-04 21:27:19.35265+00'),
  ('b08ba262-dd32-4bf0-a5af-e0c94066dfe9','a9b57039-43a0-4e81-bbb7-3c348aa561cf','28fb7843-c6f3-4ed4-9e58-3c4e4299542e','302ec5c9-9bd3-44b3-a602-3294984bef5c','c530de58-6e21-4746-b567-fd8ff7ff7e4e','2026-03-04 21:40:33.571814+00'),
  ('4939f369-9f2a-40a3-b0a4-48b2bdd5a6b0','fd2d0dc5-bce4-4139-a51d-3f3390658322','28fb7843-c6f3-4ed4-9e58-3c4e4299542e','9e75256f-c58e-4375-a3cc-8be1ab63d598','c530de58-6e21-4746-b567-fd8ff7ff7e4e','2026-03-04 21:42:29.30967+00'),
  ('129c9319-2062-48dd-8c86-e369aa83e932','fd2d0dc5-bce4-4139-a51d-3f3390658322','f867e22e-137e-4754-9eb0-4b25e91ebae8','9da23244-017b-40d9-a725-2d06d46b981d','c530de58-6e21-4746-b567-fd8ff7ff7e4e','2026-03-04 21:54:23.820739+00'),
  ('c77d93ad-0c89-4728-bd2a-f82ccf5069a5','fd2d0dc5-bce4-4139-a51d-3f3390658322','08b16c97-8e4b-42ed-98a6-cfe8a417c908','48aaad3e-e80a-4b38-88bd-e6e3ef32f4b2','8eeaae0d-ccbd-4fc5-8467-f87396b1f92c','2026-03-04 21:50:03.4107+00'),
  ('8bec56c6-edb2-4e67-91b7-40cc457a17af','15d5e389-4ee0-4972-9dc4-e0b42bdeae7a','08b16c97-8e4b-42ed-98a6-cfe8a417c908','e1ff9726-0160-402a-adbf-7fba6b9d5ab9','28fb7843-c6f3-4ed4-9e58-3c4e4299542e','2026-03-04 21:26:09.042364+00'),
  ('07efced0-421c-4289-b9e9-022ec009d00b','a9b57039-43a0-4e81-bbb7-3c348aa561cf','08b16c97-8e4b-42ed-98a6-cfe8a417c908','81f2d3b9-c9f0-41f4-b694-adf156667e41','28fb7843-c6f3-4ed4-9e58-3c4e4299542e','2026-03-04 21:40:58.615767+00'),
  ('a4ad648f-f315-450f-9659-28b8a408daec','fd2d0dc5-bce4-4139-a51d-3f3390658322','08b16c97-8e4b-42ed-98a6-cfe8a417c908','9a78532a-4e97-4f03-b8b5-eebd8a6eae4b','28fb7843-c6f3-4ed4-9e58-3c4e4299542e','2026-03-04 21:50:03.4107+00'),
  ('cac33517-6c34-46d1-8304-48f55555bea7','fd2d0dc5-bce4-4139-a51d-3f3390658322','08b16c97-8e4b-42ed-98a6-cfe8a417c908','41027d43-d2a8-490b-986e-cc55201f1425','f867e22e-137e-4754-9eb0-4b25e91ebae8','2026-03-04 21:50:03.4107+00'),
  ('c0c6127c-39f5-47be-baae-67fe8bb20159','fd2d0dc5-bce4-4139-a51d-3f3390658322','08b16c97-8e4b-42ed-98a6-cfe8a417c908','9e75256f-c58e-4375-a3cc-8be1ab63d598','c530de58-6e21-4746-b567-fd8ff7ff7e4e','2026-03-04 21:50:03.4107+00'),
  ('180cf682-6748-4162-be81-293701efd391','fd2d0dc5-bce4-4139-a51d-3f3390658322','8eeaae0d-ccbd-4fc5-8467-f87396b1f92c','9a78532a-4e97-4f03-b8b5-eebd8a6eae4b','08b16c97-8e4b-42ed-98a6-cfe8a417c908','2026-03-04 21:43:02.656018+00'),
  ('cad5d5dd-b680-4638-8266-4545febe96ad','15d5e389-4ee0-4972-9dc4-e0b42bdeae7a','28fb7843-c6f3-4ed4-9e58-3c4e4299542e','1294e0cb-8513-4a18-beed-f6f95086f547','08b16c97-8e4b-42ed-98a6-cfe8a417c908','2026-03-04 21:27:19.35265+00'),
  ('cefb56d6-5a99-499d-916b-6385e96b10dc','a9b57039-43a0-4e81-bbb7-3c348aa561cf','28fb7843-c6f3-4ed4-9e58-3c4e4299542e','81f2d3b9-c9f0-41f4-b694-adf156667e41','08b16c97-8e4b-42ed-98a6-cfe8a417c908','2026-03-04 21:40:33.571814+00'),
  ('1b2127a7-9cdd-4581-be13-a7dceaac6ea9','fd2d0dc5-bce4-4139-a51d-3f3390658322','28fb7843-c6f3-4ed4-9e58-3c4e4299542e','9da23244-017b-40d9-a725-2d06d46b981d','08b16c97-8e4b-42ed-98a6-cfe8a417c908','2026-03-04 21:59:00.847656+00'),
  ('f2197cf9-a58f-4d42-a93d-8832ca957d07','fd2d0dc5-bce4-4139-a51d-3f3390658322','f867e22e-137e-4754-9eb0-4b25e91ebae8','9a78532a-4e97-4f03-b8b5-eebd8a6eae4b','08b16c97-8e4b-42ed-98a6-cfe8a417c908','2026-03-04 21:43:52.473634+00'),
  ('6e279b30-0f54-4d6a-9750-935fc4d0f4c4','fd2d0dc5-bce4-4139-a51d-3f3390658322','c530de58-6e21-4746-b567-fd8ff7ff7e4e','67395741-b1d8-4c9b-958f-c552636dbadd','08b16c97-8e4b-42ed-98a6-cfe8a417c908','2026-03-04 21:44:31.30926+00'),
  ('b2fec16e-fc00-4f27-b335-514b7ef5163d','a93ef2e0-bb9e-4898-a2b6-ef32c032c402','c530de58-6e21-4746-b567-fd8ff7ff7e4e','f571af8d-f21e-4bbe-8d03-97a2c53cf14b','8eeaae0d-ccbd-4fc5-8467-f87396b1f92c','2026-04-10 00:14:42.120991+00'),
  ('6209f5f5-6816-4fb7-b7a7-8a1d7c0a26ef','a93ef2e0-bb9e-4898-a2b6-ef32c032c402','c530de58-6e21-4746-b567-fd8ff7ff7e4e','946d0fcd-e477-49ca-bbf3-3963ba374353','08b16c97-8e4b-42ed-98a6-cfe8a417c908','2026-04-10 00:14:42.120991+00'),
  ('8034ff7a-2a04-4aaf-aac0-756c18995dbf','a93ef2e0-bb9e-4898-a2b6-ef32c032c402','c530de58-6e21-4746-b567-fd8ff7ff7e4e','2619a946-2175-48ad-a8dc-5a4dbb76e401','f867e22e-137e-4754-9eb0-4b25e91ebae8','2026-04-10 00:14:42.120991+00'),
  ('0f5f2569-15e7-4976-b754-568a52a7f3f2','a93ef2e0-bb9e-4898-a2b6-ef32c032c402','c530de58-6e21-4746-b567-fd8ff7ff7e4e','ad68685f-2763-445c-9ff1-1ac4cf7d272d','c8efb932-ad9e-41fb-b610-77db59797ebf','2026-04-10 00:14:42.120991+00')
ON CONFLICT (id) DO NOTHING;
